message_id,channel,date,text,image_path
864,DoctorsET,2023-12-18 17:04:02+00:00,"https://youtu.be/5DBoEm-8kmA?si=LDLuEecNfULJVDzL   ­ЪЉѕ­ЪЉѕ

рЅарЅђріЋ ріаріЋрІ┤ рЅЦрЅ╗ рІерѕџрЅБрѕѕрІЇ рІерЅбрІЮріљрѕх ріарѕЏріФрѕф 

рЅа 10,000 рЅЦрѕГ рЅЦрЅ╗ рІерЅ░рїђрѕўрѕе рЅбрІЮріљрѕх ріЦрѕхріе рѕџрѕірІеріќрЅй рІФрІерїѕрІЇ рІерЇЋрѕФрїЇрѕЏ рібріЋрЅерѕхрЅхрѕўріЋрЅх рѕўрѕхрѕФрЅй рѕўрѕГрІх рЅЦрѕхрѕФрЅх 

рЅЦрѕІріГ рѕЏрѕГрігрЅх рІІрїІ рѕЏріљрІЇ рѕџрЅ░рѕЮріљрІЇ ?

рібрЅхрІ«рїхрІФ рІЇрѕхрїЦ рЅбрІЮріљрѕх рѕѕрѕўрїђрѕўрѕГ рїЦрѕЕ рѕ░ріарЅх ріљрІЇ рІѕрІГ ??

3 рЅбрІЮріљрѕх рѕхріЋрїђрѕЮрѕГ рІерѕЮріЋрѕ░рѕФрІЇ рѕхрѕЁрЅ░рЅХрЅй !

ріарѕЂріЉріЉ рІГрѕўрѕЇріерЅ░рЅ▒  ­ЪЉЄ­ЪЉЄ

https://youtu.be/5DBoEm-8kmA?si=LDLuEecNfULJVDzL",
863,DoctorsET,2023-11-03 16:14:39+00:00,"рІХріГрЅ░рѕГрѕх рібрЅхрІ«рїхрІФ рЅа ріарІ▓рѕх ріарЅђрѕФрѕерЅЦ рЅа рЅ┤рѕїрЅфрІЦріЋ рЇЋрѕ«рїЇрѕФрѕЎріЋ рѕѕрѕўрїђрѕўрѕГ ріерЇІрЅ░ріЏ рІЮрїЇрїЁрЅх рЅарѕЏрІхрѕерїЇ рѕІрІГ рІГрїѕріЏрѕЇ рЇб

рІЕрѕЃріЋрѕх рїЇрѕГрѕЏ рїєріњ ( рЅа рЅ▓ріГрЅХріГ ріе 500,000) рЅарѕІрІГ рЅ░ріерЅ│рІГ рІФрїѕріўрІЇ ріе ріарѕюрѕфріФ рІѕрІ░ рібрЅхрІ«рїхрІФ 
рїѕріЋрІ│ рІЇрѕхрїЦ ріерѕўрЅ░ріЏрЅх ріЦрѕхріе ріерЇІрЅ░ріЏ рЅ░ріерЇІрІГ рЅарібрЅхрІ«рїхрІФ ( 1 take production ) рЅарѕўрЅБрѕЇ рІерѕџрЅ│рІѕрЅђрІЇ рІЕрѕЃріЋрѕх рїЇрѕГрѕЏ ( рїєріњ) 

ріерІ▓рЇЋрѕгрѕйріЋ ріЦрѕхріе рЅ│рІІрЅѓріљрЅхріЋ рІФрЅ░рѕерЇѕрІЇ рїєріњ 

ріарѕЂріЉріЉ рІГрѕўрѕЇріерЅ▒ ­ЪЉЄ

https://youtu.be/gwVN5eJQpko?si=xARsSxIEdZtE91GY",
862,DoctorsET,2023-10-02 16:37:39+00:00,"рѕърЅх рЅарѕхрі│рѕГ 

рѕѕрѕЇрїєрЅ╗рЅйріЋ рІерѕЮріЊрѕ▓рІўрІЇ рѕЮрѕ│рЅЃ рѕ│ріЊрЅђрІЇ ріЦрІхрѕџрІФрЅИрІЇріЋ рІГрЅђріЋрѕ░рІЇ рІГрѕєріЋ 

рІерЅ│рѕИрїѕ рЅхріГріГрѕѕріЏ рїЂрѕх рібрЅхрІ«рїхрІФ рІЇрѕхрїЦ рІерѕѕрѕЮ...!

рѕЂрѕЅрѕЮ рІѕрѕІрїЁ рѕірІФрІерІЇ рІерѕџрїѕрЅБ

рІерЅ│рѕИрїЅ рїЂрѕХрЅй рѕўрїарїБрЅх ріЦрѕФрѕхріЋ рѕѕріерЇЇрЅ░ріЏ рїЅрІ│рЅх ріЦрѕхріе рѕърЅх рІхрѕерѕх рѕЏрїІрѕѕрїЦ ріљрІЇ !

рѕѕрѕЂрѕЅрѕЮ рібрі«ріќрѕџ рїцріЊріЋрѕЮ рІерѕџрїарЅЦрЅЁ ріарѕўрїІрїѕрЅЦ рІерЅ▒ ріљрІЇ??

https://youtu.be/oHiSRrNF7I0?si=Absgm414YSt_kjNq",
861,DoctorsET,2023-09-16 07:54:32+00:00,"ріе HIV рІерЅ░рЇѕрІѕрѕ░ рѕ░рІЇ ріарїІрїЦрѕЪрЅйрѕЂ рІФрЅЃрѕЇ ? рЇѕрІЇрѕх ріЦріЊ рѕЁріГрѕЮріЊ ?

рѕЎрѕЅ рЅфрІ▓рІ«рІЇріЋ рЅ░рѕўрѕЇріГрЅ░рІЇ рѕЃрѕ│рЅЦ ріарѕхрЅ░рІФрІерЅХріЋ рІФріФрЇЇрѕЅріЋ ­ЪЉЄ­ЪЉЄ­ЪЉЄ­ЪЉЄ

https://youtu.be/tTeErZxIh_Q?si=jKHyfWcC3sfXbC8L",
860,DoctorsET,2023-09-01 16:16:15+00:00,"рЅарЅЁрѕГрЅЦ рїірІю рЅарѕЃрїѕрѕФрЅйріЋ рѕІрІГ ріЦрІерЅ░рѕхрЅ░рІІрѕѕ рІФрѕѕ рІерЅ░рѕўрѕ│рѕ│рІГ рЇєрЅ│ ( Homosexuality ) рїЇрЅЦрѕе рѕ░рІХрѕЮ рЅарЅ░рѕѕрІФрІЕ рЅдрЅ│рІјрЅй рѕІрІГ ріЦрІерЅ│рІе рІГрїѕріЏрѕЇ

рІГрѕЁрѕЮ ріарїЦрЅЦрЅђріЋ рѕЮріЋрЅЃрІѕрѕўрІЇ рїЅрІ│рІГ рѕ▓рѕєріЋ 

- рІГрѕЁ рЅйрїЇрѕГ рЅарѕЁрѕЮріЊ рІГрѕѕрІФрѕЇ рІѕрІГ ?
- рЅЁрІхрѕў рѕЮрѕЇріГрЅх ріарѕѕрІЇ рІѕрІГ ?

рІѕрѕІрїєрЅй рѕЇрїєрЅ╗рЅйрѕЂріЋ ріЦріЋрІ┤рЅх рѕўрїарЅарЅЁ рЅхрЅйрѕІрѕѕрЅ╣ рѕЁріГрѕЮріЊрѕх ріарѕѕрІЇ рІѕрІГ ??

рЅарѕЮріЋрѕўрїѕрЅарІЇ рѕЮрїЇрЅЦ рѕірЅђрІГрѕЕрІеріЋ рІГрЅйрѕІрѕЅ рІѕрІГ ? 

ріарѕЂріЉріЉ рїѕрЅЦрЅ░рІЇ рѕЎрѕЅ рЅфрІ▓рІ«рІЇріЋ рІГрѕўрѕЇріерЅ▒ !

https://youtu.be/0k65P5ouw7s?si=qaUgo75bUa3AMQxD",
859,DoctorsET,2023-08-29 17:20:05+00:00,"­ЪЉЄ­ЪЉЄ­ЪЉЄ­ЪЉЄ­ЪЉЄ­ЪЉЄ https://youtu.be/-AR1KO2DbFw?si=47cXLZtlmhx1Nlqc  
**
рІХріГрЅ░рѕГрѕх рібрЅхрІ«рїйрІФ рЅаріарІ▓рѕх рЇЋрѕ«рїѕрѕФрѕЮ рїђрѕўрѕе**

рѕЏрѕерїЦ  (**рѕюріќрЇќрІЮ ) рїІрѕГ рЅ░рІФрІГрІъ рІерѕџрѕўрїБ рѕ┤рЅХрЅй рѕІрІГ рІерѕџріерѕ░рЅх рІерїцріЊ рЅйрїЇрѕ«рЅй**

**рѕ┤рЅХрЅй рѕІрІГ рІерѕџріерѕ░рЅх рІе рїЇрЅЦрѕерѕхрїІ рїЇріЋріЎріљрЅх рѕхрѕюрЅх рѕўрЅђріљрѕх ?**


**рІерѕ┤рЅХрЅй рІерІѕрѕГ ріарЅарЅБ рїЇрІю ріЦріЊ рѕїрѕјрЅйрѕЮ рїЅрІ│рІ«рЅй рЅ░ріљрѕхрЅ░рІІрѕЇ ріарѕЂріЉріЉ рІГрѕўрѕЇріерЅ▒ !!
**

**ріе рЅ┤рѕїрЅфрІЦріЋ рЇЋрѕ«рїЇрѕФрѕърЅ╗рЅйріЋ рЅарЅ░рїерѕЏрѕф ріарІ▓рѕх рЅарѕЇрІЕ ріарЅђрѕФрѕерЅЦ рІГрЅарѕЇрїЦ рІеріЊріЋрЅ░ріЋ рІерЅ░рѕўрѕЇріФрЅй рїЦрІФрЅё рѕѕрѕўрѕўрѕѕрѕх **

рІГрѕЁріЋ рІерѕўрѕ░рѕѕ рЇЋрѕ«рїЇрѕФрѕЮ рІГрІўріЋ рѕўрЅ░ріЊрѕЇ 


рІерїцріЊ рїЦрІФрЅёрІјріЋ рѕѕрѕўрѕІріГ @doctorsEt 


https://youtu.be/-AR1KO2DbFw?si=47cXLZtlmhx1Nlqc",
848,DoctorsET,2022-08-02 17:42:08+00:00,"ріГрѕерѕЮрЅ▒ріЋ рѕхрЇќрѕГрЅх рѕўрѕхрѕФрЅх ріарѕхрЅарІЇ рїѓрѕЮ рѕѕрѕўрїЇрЅБрЅх ріФрѕЇрЅ╗рѕЅ рЅБрѕЅрЅарЅх рЅдрЅ│ рѕєріљрІЇ

ріЦріљрІџрѕЁріЋ ріЦріЋрЅЁрѕхрЅЃрѕ┤рІјрЅй рЅарѕЏрІхрѕерїЇ рЅа ріарїГрѕГ рїЇрІю рІЇрѕхрїЦ рѕѕрІЇрїЦ рѕЏрѕЮрїБрЅх рІГрЅйрѕІрѕЅ 

ріЦрЅцрЅхрІј рѕєріљрІЇ рїарІјрЅх рІѕрІГріЋрѕЮ рѕЏрЅ│ рѕІрІГ рЅа 5 рІ░рЅЃрЅЃ рІЇрѕхрїЦ рЅЦрЅ╗ 

- рІерїјріЋ рЅдрѕГрїГ(рѕхрЅЦ) рѕѕрѕЏрїЦрЇІрЅх 
- рЅђріЋрІјріЋ рЅаріЋрЅЃрЅх рѕѕрѕўрїђрѕўрѕГ 

ріЦріљрІџрѕЁріЋ ріЦріЋрЅЁрѕхрЅЃрѕ┤рІјрЅй рІФрІхрѕГрїЅ 
рѕѕрѕЂрѕЅрѕЮ ріЦрІхрѕю ріГрѕЇрѕЇ рІерѕџрѕєріЋ ріЦріЋрЅЁрѕхрЅЃрѕ┤ рѕхрѕѕрѕєріљ ріе рЅцрЅ░рѕ░рЅд рїІрѕГ рѕўрѕхрѕФрЅх рІГрЅйрѕІрѕЅ !!

рѕіріЋріЕріЋ рЅарѕўрїФріЋ рІГрѕўрѕЇріерЅ▒ / рІХріГрЅ░рѕГрѕх рібрЅхрІ«рїхрІФ 
­ЪЉЄ­ЪЉЄ­ЪЉЄ­ЪЉЄ­ЪЉЄ
https://youtu.be/0uiTzjEbh90",
847,DoctorsET,2022-06-12 17:15:47+00:00,"рѕхрЇќрѕГрЅх рІерѕўрѕхрѕФрЅх рѕ▒рѕх рІГріќрѕГ рІГрѕєріЋ?

рЅаріарѕЂріЉ рІѕрЅЁрЅх рЅЦрІЎ рІерѕхрЇќрѕГрЅх рѕўрѕхрѕфрІФ рЅдрЅ│рІјрЅй рЅ░рїеріЊріЋрЅђрІЇ рІГрЅ│рІФрѕЇ

рѕхрЇќрѕГрЅх рѕўрѕхрѕФрЅх рѕѕрїцріЊ рїарЅЃрѕџ рЅбрѕєріЋрѕЮ ріЦріЋрІ│ріЋрІх рїЇрІю рїЇріЋ ріерІЏ рЅарѕІрІГрѕЮ ріарѕЇрЇј рѕхрЇќрѕГрЅх ріФрѕЇрѕ░рѕФрІЇ рІ▓рЇЋрѕгрѕйріЋ рІЇрѕхрїЦ рїѕрЅБрѕѕрІЇ / рѕ░рІЇріљрЅ┤ рІГрЅарѕІрѕ╗рѕЇ рІерѕџрѕЅ рѕ░рІјрЅйрѕЮ ріарѕЅ!

рѕ▒рѕх рѕЏрѕѕрЅх рѕФрѕхріЋ рѕѕ рѕєріљ ріљрїѕрѕГ рЅ░рїѕрІб рѕЏрІхрѕерїЇ ріљрІЇ! 

   рѕхрѕѕрІџрѕЁ рѕхрЇќрѕГрЅх рѕўрѕхрѕФрЅх ріЦрІЇріљрЅх рѕ▒рѕх рІГрѕєріЋ?

­ЪЉЄ­ЪЉЄ­ЪЉЄ рѕЎрѕЅ рЅфрІ▓рІ«рІЇріЋ рЅа рІ«рЅ▓рІЇрЅЦ рІГрѕўрѕЇріерЅ▒ 

 рѕхрЇќрѕГрЅх рЅцрЅх (рїѓрѕЮ) рѕѕрѕџрІФрЅарІЎ рѕЂрѕЅ рѕ╝рѕГ рІФрІхрѕГрїЅ!
­ЪЉЄ­ЪЉЄ­ЪЉЄ
https://youtu.be/WPlRuRtQXN8",
846,DoctorsET,2022-05-31 17:51:13+00:00,"рІхріЋрїѕрЅ░ріЏ ріарІ░рїІ / рІеріарїЦріЋрЅх рѕхрЅЦрѕФрЅх

ріарІФрѕГрїѕрІЇріЊ рІхріЋрїѕрЅ░ріЏ рІерѕєріљ ріарІ░рїІ рЅбрІ░рѕГрѕхрЅд рѕЮріЋ рѕЏрІхрѕерїЇ ріЦріЋрІ│рѕѕрЅд рІФрЅЃрѕЅ?

рЅарѕЃрїѕрѕФрЅйріЋ рІерѕўріфріЊ ріарІ░рїІ рЅа ріерЇЇрЅ░ріЏ рІ░рѕерїЃ ріарІерїерѕўрѕе ріЦріЊ рІерЅЦрІЎ рѕ░рІјрЅйріЋ рѕѓрІѕрЅх ріЦрІерЅђрїарЇѕрѕЮ рІГрїѕріЏрѕЇ рЇб

рЅарѕЃрїѕрѕФрЅйріЋ рІФрѕѕрІЇрѕЮ рІѕрЅЁрЅ│рІі рѕЂріћрЅ│рѕЮ рїдрѕГріљрЅХрЅй рЅЦрІЎ рѕ░рІјрЅйріЋ рѕѕ рІхріЋрїѕрЅ░ріЏ рІерѕєріљ ріарІ░рїІрІјрЅй : рѕхрЅЦрѕФрЅХрЅй рІФрїІрѕЇрїБрѕЇрЇб

рІХ/рѕГ рЅЃрѕЇрЅѓрІ│ріЋ (ріарїЦріЋрЅх рѕхрЇћрѕ╗рѕірѕхрЅх рѕЃріфрѕЮ) рѕхрѕѕ рІхріЋрїѕрЅ░ріЏ ріарІ░рїІ ріЦріЊ рѕхрЅЦрѕФрЅХрЅй ріарЅЦрѕФрѕГрЅХрѕЇріЊрѕЇ

ріЦрѕГрѕХрѕЮ рІГрѕЁ рЅйрїЇрѕГ рЅбрІ░рѕГрѕхрЅд рѕЏрІхрѕерїЇ рІФрѕѕрЅдрЅхріЋ ріљрїѕрѕГ рЅђрІхрѕўрІЇ рІГрІѕрЅЂ 

**рІХріГрЅ░рѕГрѕх рібрЅхрІ«рїхрІФ рЅа ріарІ│рІ▓рѕх рЇЋрѕ«рїЇрѕФрѕърЅйріЊ рІеріЊріЋрЅ░ріЋ рїЦрІФрЅёрІјрЅй рЅарѕХрѕ╗рѕЇ рѕџрІ▓рІФ рѕўрѕЇрѕх рІерѕџрІФрїѕріЎрЅарЅхріЋ рѕўріЋрїѕрІх ріЦрІФрѕхрЅ░ріФріерѕЇріЋ рѕ▓рѕєріЋ ріе рЅхріЋрѕй рІе ріЦрѕерЇЇрЅх рїЇрІюрІФрЅх рЅаріІрѕІ рЅа рЅ┤рѕїрЅфрІЦріЋ рЇЋрѕ«рїЇрѕЏрЅйріЋ рЅа рЇІріЊ рЅ┤рѕїрЅфрІЦріЋ рІФрїѕріЎріЊрѕЇ**

ріерЅ│рЅй рІФрѕѕрІЇріЋ рЅарѕўрїФріЋ рІГрѕўрѕЇріерЅ▒!
­ЪЉЄ­ЪЉЄ­ЪЉЄ­ЪЉЄ­ЪЉЄ­ЪЉЄ­ЪЉЄ
https://youtu.be/QI-8oqW80uI",
845,DoctorsET,2022-05-20 18:04:53+00:00,"ріерЅхріЋрѕй рїЇрІџрІФрЅх рЅарЇірЅх рѕхрЇќрѕГрЅх рѕўрѕхрѕФрЅх ріЦріЋрІ░ рЅЁріЋрїдрЅх рІГрЅ│рІГ ріљрЅарѕГ ріарѕЂріЋ рѕІрІГ рїЇріЋ рЅа рѕхрЇќрѕГрЅх рѕўрѕхрѕФрІФ рЅдрЅ│рІјрЅй рѕІрІГ рЅЦрІЎрІјрЅй рѕ▓рѕ░рѕЕ рІГрЅ│рІФрѕЇ

рІГрѕЁріЋріЋрѕЮ рЅ░ріерЅхрѕј рѕхрЇќрѕГрЅх рѕЏрІѕрЅЁ рІФрѕѕрЅЦріЋ рЅарїБрѕЮ ріарѕхрЇѕрѕІрїі ріљрїѕрѕГ ріарѕѕ!

рЅЦрІЎ рѕ░рІЇ ріаріЋрІх ріарѕўрЅх рІФрѕЁрѕЇ рѕ░рѕГрЅ╗рѕѕрІЇ рѕѕрІЇрїЦ рѕЮріЋрѕЮ рІерѕѕріЮрѕЮ ! рѕхрЇќрѕГрЅх рїЦрЅЁрѕЮ рІерѕѕрІЇрѕЮ рІГрѕІрѕЇ

ріЦріЏ рѕЮріЋ рѕўрѕхрѕФрЅх ріЦріЋрІ│рѕѕрЅдрЅх рѕџрѕхрїЦрѕЕріЋ ріЦріЋріЋрїѕрѕ«рЅх!
  ріерІџ рЅаріІрѕІ рїірІюрІјріЋ рѕ│рІФрЅБріГріЉ рЅаріарїГрѕГ рїЇрІю рІЇрѕхрїЦ 
рѕѕрІЇрїдріЋ рІФрІФрѕЅрЇб

рЅарІџрѕЁ рІ«рЅ▓рІЇрЅЦ рЅфрІ▓рІ« рѕІрІГ 

рѕЮріЋ рѕўрѕхрѕФрЅх ріЦріЋрІ│рѕѕрЅдрЅх рѕѕ рїђрѕЏрѕф ріЦріЋрІ▓рѕЂрѕЮ рЅарѕўрѕхрѕФрЅх рѕІрІГ рѕІрѕІрЅ╣ 

ріарїГрѕГ рЅфрІ▓рІ« рІГрѕўрѕЇріерЅ▒
­ЪЉЄ­ЪЉЄ­ЪЉЄ­ЪЉЄ­ЪЉЄ­ЪЉЄ
https://youtu.be/_IEWt07bECg",
844,DoctorsET,2022-05-15 15:59:10+00:00,"**рѕЇрїєрЅй рѕІрѕІрЅйрѕЂ / ріарЅБрЅх ріЦріЊрЅх рІѕрІГріЋрѕЮ ріЦрѕЁрЅх рІѕріЋрІхрѕЮ / рЅарЅЁрѕГрЅА рѕЇрїЁ рѕѕрѕўрІЇрѕѕрІх рІерѕЮрЅ│рѕхрЅА / рЅБрѕЂріЉ рѕ░ріарЅх ріЦрѕГрїЇрІЮріЊ рѕІрІГ рѕІрѕІрЅйрѕЂ рЇб**

рѕЇрїєрЅй ріаріЋрІ│ріЋрІх рїЇрІю рѕЮрїЇрЅЦ ріарѕЇрѕўрїѕрЅЦ рІГрѕІрѕЅ  рІГрѕЁ рІ░рїЇрѕъ рѕѕрІѕрѕІрїЁ рЅарїБрѕЮ ріарѕхрїеріЊрЅѓ ріљрїѕрѕГ ріљрІЇ !

рѕЁрЇЃріЊрЅх рѕЮрїЇрЅЦ ріарѕЇрѕўрїѕрЅЦ рІерѕџрѕЅрЅх рЅарѕЮріЋ рѕЮріГріЋрІФрЅх рІГрѕєріЋ ?

**рѕЁрЇЃріЊрЅх  ріерЅ░рІѕрѕѕрІ▒ 1 рѕ░рІљрЅх рїђрѕЮрѕ« рІеріЦріЊрЅх рїАрЅх рІѕрЅ░рЅхріЋ рѕЏрїЇріўрЅх ріарѕѕрЅБрЅИрІЇ : рІеріЦріЊрЅх рїАрЅх рІѕрЅ░рЅхріЋ рІерѕџрІѕрѕхрІ▒ рѕЇрїєрЅй рІѕрІ░рЇірЅх рІерѕўрІѕрЇѕрѕГ ріЦрІхрѕІрЅИрІЇ рЅарЅарѕйрЅ│ рІерѕўрїарЅЃрЅх ріЦрІхрѕІрЅИрІЇ ріаріљрѕхрЅ░ріЏ ріљрІЇ рЇб

рѕЁрЇЃріЊрЅх рѕхрІхрѕхрЅх рІѕрѕГ рѕ▓рѕърѕІрЅИрІЇ рЅ░рїерѕЏрѕф рѕЮрїЇрЅЦ рѕўрѕўрїѕрЅЦ рѕ▓рЇѕрѕЇрїЅ ріаріЋрІ│ріЋрІх рѕЮрѕЇріГрЅХрЅйріЋ рІФрѕ│рІФрѕЅрЇб

рѕЁрЇЃріЊрЅх рІерѕЮрїЇрЅЦ рѕўрѕўрїѕрЅЦ рЇЇрѕІрїјрЅ│рЅИрІЇ рѕѕрѕЮріЋ рІГрЅђріЋрѕ│рѕЇ ? 

рІХ/рѕГ ріцрѕЇрѕ│рЅцрїЦ рѕѕрІџрѕЁ рѕўрѕЇрѕх рІГрѕЁріЋ рЅхрѕѕріЊрѕѕрЅй
**
**рЅа рІ«рЅ▓рІЇрЅЦ рЅ╗ріЊрѕІрЅйріЋ рѕІрІГ рІе рІХ/рѕГріЋ рѕхрѕЇріГ рІФрѕхрЅђрѕўрїЦріЋ рѕ▓рѕєріЋ рЅа рїЇрѕЇ рѕѕрѕЏрѕЏріерѕГ рѕўрІ░рІѕрѕЇ рЅхрЅйрѕІрѕІрЅйрѕЂ рЇб
**
­ЪЉЄ­ЪЉЄ­ЪЉЄ­ЪЉЄ

https://youtu.be/V6zWVHcyFXI",
843,DoctorsET,2022-05-07 18:22:14+00:00,"**рЅарЅЦрІЎ рѕЏрѕЁрЅарѕФрІі рѕџрІ▓рІФрІјрЅй рЅа ріерЇІрЅ░ріЏ рѕЂріћрЅ│ ріЦрІерЅ░рѕИрїа рІФрѕѕрІЇ 

рЇЋрѕ«рЅ▓ріЋ- ріГрѕгрЅ▓ріЋ рЇќрІЇрІ░рѕ«рЅй ріЦріЊ  рѕїрѕјрЅй рІФрІѕрЇЇрѕФрѕЇ рЅ░рЅЦрѕѕрІЇ рІерѕџрѕИрїА рЇЊрІЇрІ░рѕ«рЅй ріЦрІЇріљрЅх рїЦрЅЁрѕЮ ріарѕІрЅИрІЇ рІѕрІГ ?**

**рѕЮріЋ ріарѕЇрЅБрЅх рѕѕрѕЇрїє рѕўрїЇрІЏрЅх ріарѕхрЅарІЇ рІГрѕєріЊрѕЇ ? 

рІѕрІГрѕЮ рЅБрѕЂріЉ рѕ░ріарЅх рїѕрІЮрЅ░рІЇ ріЦрІерЅ░рїарЅђрѕЎрѕЮ рІГрѕєріЊрѕЇ ? 

рІѕрІГріЋрѕЮ рІ░рїЇрѕъ рѕѕрѕўрїЇрІЏрЅх ріарѕхрЅарІЇ рІерЅхріЏрІЇ рЇќрІЇрІ░рѕГ рѕЇрїарЅђрѕЮ ріЦрІФрѕЅ ріљрІЇ ?

рЅарІџрѕЁ рЅфрІ▓рІ« рѕЎрѕЅ рѕўрѕЇрѕ▒ріЋ рѕўрѕЇрѕ░ріЊрѕЇ !!!
**
**рѕЂрѕЅрѕЮ рѕ░рІЇ рѕўрІЇрѕ░рІх рІГрЅйрѕІрѕЇ рІѕрІГ ?

ріЦрІхрѕюрѕх рїѕрІ░рЅЦ ріарѕѕрІЇ рІѕрІГ ??**

**рѕѕ ріЕрѕІрѕірЅх рѕЁрѕўрѕЮрѕх рІФрїІрѕЇрїБрѕЇ рІѕрІГ ?

рІЇрѕЃ рЅарІ░ріЋрЅЦ рїарїА рѕѕрѕЮріЋ рЅ░рЅБрѕѕ ?**

ріЦріљрІџрѕЁріЋ рІІріЊ ріљрїѕрѕ«рЅй рѕІрІГ рѕўрѕЇрѕх рѕ░рїаріЊрѕЇ ріарѕЂріЉріЉ рІГрѕўрѕЇріерЅ▒ !

ріЦрѕГрѕХ рЅБрІГрїарЅђрѕЎ рѕїрѕІ рЅцрЅ░рѕ░рЅд рѕірїарЅђрѕЮ рѕхрѕѕрѕџрЅйрѕЇ рѕ╝рѕГ рЅарѕЏрІхрѕерїЇ рѕѕрѕЂрѕЅрѕЮ рѕ░рІЇ ріЦріЊрІхрѕГрѕх


ріерІџрѕЁ рЅарЇірЅх ріЦріљрІџрѕЁріЋ рЇЊрІЇрІ░рѕ«рЅй рІерѕџрїарЅђрѕЎ ріерѕєріљ 
рѕЇрѕЮрІХріЋ рЅа рІ«рЅ▓рІЇрЅЦ рі«рѕюріЋрЅх рѕІрІГ рІФрѕхрЅђрѕЮрїАрѕЇріЋ 

­ЪЉЄ­ЪЉЄ­ЪЉЄ­ЪЉЄ­ЪЉЄ­ЪЉЄ­ЪЉЄ­ЪЉЄ­ЪЉЄ­ЪЉЄ­ЪЉЄ­ЪЉЄ­ЪЉЄ­ЪЉЄ
рЅ░рїГріљрІЇ рІГрѕўрѕЇріерЅ▒
https://youtu.be/43t6CLizU28",
842,DoctorsET,2022-05-06 17:51:05+00:00,,
841,DoctorsET,2022-05-06 17:51:05+00:00,,
840,DoctorsET,2022-05-06 17:51:05+00:00,,
839,DoctorsET,2022-05-06 17:51:05+00:00,"рІЏрѕг рѕЮрѕйрЅх 3:30 рЅа рЇІріЊ рЅ┤рѕїрЅфрІЦріЋ 

    рѕхрѕѕ рЇЋрѕ«рЅ▓ріЋ : ріГрѕгрЅ▓ріЋ рЇЊрІЇрІ░рѕ«рЅй рѕЮріЋ рѕЏрІѕрЅЁ рІГрЇѕрѕЇрїІрѕЅ?

рЅБрѕЂріЉ рѕ░ріарЅх рЅа рѕЏрѕЁрЅарѕФрІі рѕџрІ▓рІФ рЅа ріерЇІрЅ░ріЏ рѕЂріћрЅ│ ріЦрІерЅ░рѕИрїА рІерѕџрїѕріЎ ріЦріљрІџрѕЁ рЇќрІЇрІ░рѕ«рЅй 
ріЦрІЇріљрЅх рѕѕ ріЕрѕІрѕірЅх рѕЁрѕўрѕЮ рІФрїІрѕЇрїБрѕЅ рІѕрІГ?

рЅарЅ░рїерѕЏрѕфрѕЮ ріЦрЅцрЅХ рѕєріљрІЇ ріЦріљрІџрѕЁріЋ ріЦріЋрЅЁрѕхрЅЃрѕ┤рІјрЅй  рЅарѕЏрІхрѕерїЇ рїцріЊрІјріЋ рІГрїарЅЦрЅЂрЇб

рѕхрЇќрѕГрЅх рѕ▒рѕх рІГрѕєріЊрѕЇ рІѕрІГ ? рѕўрѕЇрѕ▒ріЋ рЅа рЇІріЊ рЅ┤рѕїрЅфрІЦріЋ рІГрїарЅЦрЅЂріЋрЇб

3:30 рЅа рЇІріЊ рЅ┤рѕїрЅфрІЦріЋ",
836,DoctorsET,2022-05-01 11:13:33+00:00,"ріерѕ│рѕЮріЋрЅх рЅарЇірЅх рЅарѕѕрЅђрЅЁріљрІЇ рЅдрѕГрїГріЋ рЅарѕЁріГрѕЮріЊ ріЦріЋрІ┤рЅх рѕЏрїЦрЇІрЅх рІГрЅ╗рѕІрѕЇ рЅарѕџрѕѕрІЇ рѕГріЦрѕ│рЅйріЋ 
ріе 100,000 рЅарѕІрІГ ріЦрІГрЅ│ріЋ ріарїЇріЮрЅирѕЇ рЇб

рѕхрѕѕрѕєріљрѕЮ рЅдрѕГрїГріЋ ріерѕЮріЊрїарЇІрЅарЅх рІІріЊ рѕўріЋрїѕрІХрЅй рІІріЊ ріарѕЏрѕФрїГ рІерѕєріљрІЇ рѕхрЇќрѕГрЅ│рІі ріЦріЋрЅЁрѕхрЅЃрѕ┤ рѕ▓рѕєріЋ

ріЦрЅцрЅх рІЇрѕхрїЦ рѕєріљріЋ ріЦріљрІџрѕЁріЋ рЅђрѕѕрѕЇ рІФрѕЅ рѕхрЇќрѕГрЅ│рІі ріЦріЋрЅЁрѕхрЅЃрѕ┤рІјрЅйріЋ рЅарѕЏрІхрѕерїЇ рЅдрѕГрїГріЋ рѕЏрїЦрЇІрЅх рІГрЅйрѕІрѕЅ

ріарѕЂріЋ рЅа рІ«рЅ▓рІЇрЅЦ рЅ╗ріЊрѕІрЅйріЋ рЅарѕўрѕёрІх 

ISSA certified personal Trainer 
  рЅхріЋрѕ│рІГ рЅЦрѕГрѕЃріЉ рїІрѕГ рЅєрІГрЅ│ ріарІхрѕГрїѕріЊрѕЇрЇб

рЅарЅђрѕІрѕЅ рЅдрѕГрїГріЋ рІФрїЦрЇЅ 

рЅдрѕї рЅАрѕЇрЅАрѕІ рѕЏрѕфрІФрѕЮ рѕЏрІърѕфрІФ 
рЇљрѕЇрѕх рЇірЅхріљрѕх рїѓрѕЮріЊрІџрІерѕЮ рЅарѕўрѕЮрїБрЅх ріарЅЦрѕерІЇріЋ рѕўрѕхрѕФрЅх рІГрЅйрѕІрѕЅ 



https://youtu.be/zZCUggh-1DA",
835,DoctorsET,2022-04-29 18:59:05+00:00,,
834,DoctorsET,2022-04-29 18:57:35+00:00,,
833,DoctorsET,2022-04-28 05:46:38+00:00,,
832,DoctorsET,2022-04-28 05:46:38+00:00,,
831,DoctorsET,2022-04-28 05:46:38+00:00,,
830,DoctorsET,2022-04-28 05:46:38+00:00,"рѕЃрІФрЅх рѕєрѕхрЇњрЅ│рѕЇ рѕюрІ▓ріФрѕЇ рі«рѕїрїЁ 

 рѕЁріГрѕЮріЊ рѕѕрѕЏрїЇріўрЅх ріарѕхрЅарІІрѕЇ ?
рІерЅх рѕўрѕёрІхрѕх ріЦріЋрІ│рѕѕрЅдрЅх рїЇрѕФ рїѕрЅЦрЅХрЅх рІГрѕєріЋ?

рѕЃрІФрЅх рѕєрѕхрЇњрЅ│рѕЇ рЅа ріарІ▓рѕх ріарѕхрЅ░рІ│рІ░рѕГ ріЦріЊ ріЋрЇЁрѕЁріЊрІЇріЋ рЅарїарЅарЅЃрІЇ рѕєрѕхрЇњрЅ│рѕІрЅйріЋ рЅа ріерЇІрЅ░ріЏ рѕхрЇћрѕ╗рѕірѕхрЅх рѕЃріфрѕърЅ╗рЅйріЋ  рѕѕріЊріЋрЅ░ рѕЇрІ« рІерѕєріљ рІерїцріЊ ріарїѕрѕЇрїЇрѕјрЅх рѕѕрѕўрѕхрїарЅх рЅарѕФрЅйріЋ ріГрЇЇрЅх рѕўрѕєріЉріЋ ріЦрІФрѕ│рІѕрЅЁріЋрЇб 

рѕЏріЋріЏрІЇрѕЮ ріарІГріљрЅх рІерїцріЊ ріарїѕрѕЇрїЇрѕјрЅх ріЦріЏ рїІрѕГ рІФрїѕріЏрѕЅ рЇб

рІГрѕЮрїА ріЦріЊ ріЦріЋрѕЏріерѕГ
рЅдрѕї рѕъріцріЋрі« рЇірЅх рѕѕ рЇірЅх рІФрїѕріЎріЊрѕЇ",
829,DoctorsET,2022-04-24 17:11:09+00:00,"рЇѕрїБріЋ рІе рЅдрѕГрїГ рѕЏрїЦрЇірІФ рІўрІ┤

рІѕріЋрІхрѕЮ рѕ┤рЅхрѕЮ рѕІрІГ рЅдрѕГрїГ рѕіріќрѕГ рІГрЅйрѕІрѕЇ рЅЦрІЎ рїЇрІю рѕѕрѕЏрїЦрЇІрЅхрѕЮ ріерЅарІх рІГрѕІрѕЇ

рЅарЅ░рѕѕрІФрІ« рѕЏрѕЁрЅарѕФрІі рѕџрІ▓рІФрІјрЅй рѕІрІГ рЅдрѕГрїГ рѕЏрїЦрЇірІФ рѕўріЋрїѕрІХрЅй рѕ▓рЅБрѕЇ ріЦріЊрІФрѕѕріЋ :: ріарІЇріљрЅх рЅдрѕГрїГріЋ рѕЏрїЦрЇІрЅх рІГрЅ╗рѕІрѕЇ рІѕрІГ?

рІерІ░рѕЮ ріарІГрІерЅхріЋрѕх рЅђрІхрѕъ рѕЏрІѕрЅЁ рѕѕрѕЮріЋ рІГрїарЅЁрѕЏрѕЇ?

рЅа рІўрѕГ рІерѕџрЅ░рѕІрѕѕрЇЇ ріљрІЇ рІѕрІГ?

рЅа рЅђрІХ рїЦрїѕріЊ ріарѕХрїЦрЅХ рѕўрїѕрѕІрїѕрѕЇ ріарѕЏрѕФрїГ ріљрІЇ рІѕрІГ? рЅарѕЃрїѕрѕФрЅйріЋрѕх рѕЁріГрѕЮріЊрІЇ рІерЅх рІГрѕ░рїБрѕЇ ?

рЅарѕ░рѕГрїђрѕф ріерІѕрїБ рЅаріІрѕІрѕх рЅдрѕГрїГ рѕірѕўрѕѕрѕх рІГрЅйрѕІрѕЇ рІѕрІГ?

ріарѕЂріЉріЉ рЅа рІ«рЅ▓рІЇрЅЦ рЅ╗ріЊрѕІрЅйріЋ рІГрѕўрѕЇріерЅ▒
­ЪЉЄ­ЪЉЄ­ЪЉЄ­ЪЉЄ­ЪЉЄ­ЪЉЄ
https://youtu.be/UB4PjI7ZM68",
828,DoctorsET,2022-04-22 18:55:31+00:00,"рІерІХріГрЅ░рѕГрѕх рібрЅхрІ«рїхрІФ ріЦріЋрїЇрІ│ 

рЅхріЋрѕ│рІГ рЅЦрѕГрѕЃріЉ 
ISSA certified personal Trainer and Nutritionist 

рѕхрѕѕ ріарѕўрїІрїѕрЅд ріЦріЊ рїцріЊрІј рѕЏрѕЏріерѕГ ріерЇѕрѕѕрїЅ ріЦріЋрІ▓рѕЂрѕЮ рІерїЇрѕЇ рІерѕхрЇќрѕГрЅх ріарѕ░рѕЇрїЦріЮ ріерЇѕрѕѕрїЅ 

09 60 22 56 91 
    рІГрІ░рІЇрѕЅрѕЇріЋ 

ріЦріЋрІ▓рѕЂрѕЮ рЅдрѕї рЅАрѕЇрЅАрѕІ рѕЏрѕфрІФрѕЮ рѕЏрІърѕфрІФ 
  рЇљрѕЇрѕх рЇірЅхріљрѕх рїѓрѕЮріЊрІџрІерѕЮ  рЅарѕўрѕЮрїБрЅх рѕЏрѕЏріерѕГ ріЦріЋрІ▓рѕЂрѕЮ рѕўрѕхрѕФрЅх рІГрЅйрѕІрѕЅ рЇб рѕЮріЋ рѕўрѕхрѕФрЅх ріЦріЋрІ│рѕѕрЅдрЅх : ріарѕўрїІрїѕрЅдріЋ ріЦріЊрѕЏріГрѕФрѕѕріЋрЇб

ріарІ▓рѕх рѕѕрѕЮрЅхрїђрѕЮрѕЕ
рѕѕ рѕхрі│рѕГ рѕЁрѕўрѕЮрЅ░ріърЅй 
рѕѕ рІѕрїѕрЅЦ рѕЁрѕўрѕЮ 


рІЇрЇЇрѕерЅх рѕѕрѕўрЅђріљрѕх ріЦріЊ рІерЅ░рѕѕрІФрІ« ріарїѕрѕЇрїЇрѕјрЅХрЅйріЋ ріерЇѕрѕѕрїЅ

рЇљрѕЇрѕх рЇірЅхріљрѕх (рїѓрѕЮ)
рЅдрѕї рЅАрѕЇрЅАрѕІ рѕЏрѕфрІФрѕЮ рѕЏрІърѕфрІФ ріаріФрЅБрЅб

      0960225691  рІГрІ░рІЇрѕЅрѕЇріЋ",
827,DoctorsET,2022-04-22 17:51:05+00:00,,
826,DoctorsET,2022-04-22 17:51:05+00:00,,
825,DoctorsET,2022-04-22 17:51:04+00:00,,
824,DoctorsET,2022-04-22 17:51:04+00:00,,
823,DoctorsET,2022-04-22 17:51:04+00:00,,
822,DoctorsET,2022-04-22 17:51:04+00:00,"рІЏрѕг рѕЮрѕйрЅх 3:30 рЅа рЇІріЊ рЅ┤рѕїрЅфрІЦріЋ 
           рѕЇрІ« рЇЋрѕ«рїЇрѕФрѕЮ 

**рЅарЅ░рѕѕрІФрІЕ рѕЏрѕЁрЅарѕФрІі рѕџрІ▓рІФрІјрЅй рІГрѕИрїБрѕЅ рЅ░рЅЦрѕѕрІЇ рІерѕџрѕИрїА : рѕ░рІЇріљрЅхріЋ рІФрїарѕЇрЅЃрѕЅ рЅ░рЅЦрѕѕрІЇ рІерѕџрѕИрїА рІе (рЇЋрѕ«рЅ▓ріЋ рЇЊрІЇрІ░рѕ«рЅй : ріГрѕгрЅ▓ріЋ рЇЊрІЇрІ░рѕ«рЅй ) ріЦріЊ рѕїрѕјрЅйрѕЮ  ріЦрІЇріљрЅх рѕ░рІЇріљрЅхріЋ рІГрїѕріљрЅБрѕЅ ?**

рЅдрѕГрї« рѕ░рѕЇрЅйрЅХрЅ│рѕЇ : рѕ┤рЅхрѕЮ рІѕріЋрІхрѕЮ рЅдрѕГрїГ рѕіріќрѕФрЅИрІЇ рІГрЅйрѕІрѕЇ рЇб рѕЮрїЦрЇІрЅхрѕх рІГрЇѕрѕЇрїІрѕЅ ?

рЅдрѕГрїФрѕЮ рѕўрЅБрѕЇ рЅђрѕе ! рІЏрѕг рѕЮрѕйрЅх рѕ│рІГріЋрІі ріЦріЋрІ▓рѕЂрѕЮ рѕхрЇќрѕГрЅ│рІі рѕўріЋрїѕрІХрЅйріЋ рІГрІѕрЅЂрЇб

  **ріе рЇєрѕЮ рЅаріІрѕІ рѕхрЇќрѕГрЅх рѕѕрѕџрїђрѕЮрѕЕ рѕЏрІѕрЅЁ рІФрѕѕрЅБрЅИрІЇріЋ ріљрїѕрѕ«рЅй ріе ріарѕ░рѕЇрїБріЮ рЅхріЋрѕ│рІГ рЅЦрѕГрѕЃріЉ рїІрѕГ рЅєрІГрЅ│ ріарІхрѕГрїѕріЊрѕЇ рІГрїарЅЦрЅЂріЋрЇб**

рѕхрЇќрѕГрЅх рЅцрЅх ( рїѓрѕЮ) рѕѕрѕўрїђрѕўрѕГ   ріФрѕ░рЅА рІЏрѕг рІГрѕЁріЋ ріарІЮріЊріЮ рЅєрІГрЅ│ рЅа рЇІріЊ рЅ┤рѕїрЅфрІЦріЋ рІГрїарЅЦрЅЂріЋрЇб
 
ріарѕГрЅЦ рѕЮрѕйрЅх 3:30 рЅа рЇІріЊ рЅ┤рѕїрЅфрІЦріЋ 

**ISSA certified personal Trainer and Nutritionist Tinsay Birhanu** 
          **Pulse Fitness**


рІГрѕЁріЋ рЇЋрѕ«рїЇрѕФрѕЮ рѕхрЇќріЋрѕ░рѕГ рІФрІ░рѕерїѕрѕІрЅ╣

    рѕЃрІФрЅх рѕєрѕхрЇњрЅ│рѕЇ рѕюрІ▓ріФрѕЇ рі«рѕїрїЁ",
821,DoctorsET,2022-04-19 17:38:05+00:00,"ріе рЇєрѕЮ рЅаріІрѕІ рЇѕрЇЁрѕъ рѕЏрІхрѕерїЇ рІерѕїрѕѕрЅЦріЋ рІерїѕрѕ«рЅй рѕЮріЋрІхріЋ ріЊрЅИрІЇ?

ріарѕўрїІрїѕрЅБрЅйріЋ рѕЮріЋ рѕўрѕЮрѕ░рѕЇрѕх ріарѕѕрЅарЅх ?

ріе рЇєрѕЮ рЅаріІрѕІ рЅЦрІЎ рѕўрѕўрїѕрЅЦ рІерѕџрІФрѕўрїБрІЇ рІерѕЁрѕўрѕЮ ріарІГріљрЅХрЅй рѕЮріЋрІхріЋ ріЊрЅИрІЇ ?

рѕхрі│рѕГ ріљріГ ріљрїѕрѕ«рЅйріЋ рЅа рЇєрѕЮ рІѕрЅЁрЅх рѕўрѕўрїѕрЅЦ рїЅрІ│рЅх ріарѕѕрІЇ рІѕрІГ?

рѕірѕўрѕѕріерЅ▒рЅх рІерѕџрїѕрЅБ 
­ЪЉЄ­ЪЉЄ­ЪЉЄ­ЪЉЄ­ЪЉЄ­ЪЉЄ рЅ░рїГріљрІЇ рІГрѕўрѕЇріерЅ▒ 
https://youtu.be/Ov3Tug8fMG8",
820,DoctorsET,2022-04-15 18:06:19+00:00,,
819,DoctorsET,2022-04-15 18:06:19+00:00,,
818,DoctorsET,2022-04-15 18:06:19+00:00,"рІЏрѕг рѕЮрѕйрЅх 3:30 рЅа рЇІріЊ рЅ┤рѕїрЅфрІЦріЋ 
  **рІХріГрЅ░рѕГрѕх рїѕрЅарЅ│ рЇЋрѕ«рїЇрѕФрѕЮ **

рЅа рЇєрѕЮ рІѕрЅЁрЅх рѕўрѕўрїѕрЅЦ рІФрѕѕрЅАріЋ рѕЮрїЇрЅдрЅй рѕЮріЋрІхріЋ ріЊрЅИрІЇ ?

**ріе рЇєрѕЮ рЅаріІрѕІ рѕЮріЋрѕўрїѕрЅБрЅИрІЇріЋ рѕЮрїЇрЅдрЅй рѕЮріЋ рѕўрїаріЋрЅђрЅЁ ріарѕѕрЅЦріЋ**

ріерЅ░рѕўрѕЇріФрЅй ріерЅ░рѕІріерѕЇріЋ рїЦрІФрЅё рЅдрѕГрїг рЅарїБрѕЮ ріЦрІФрѕ│рЅђрЅђріЮ ріљрІЇ рѕЮріЋ рѕЏрІхрѕерїЇ ріарѕѕрЅЦріЮ

**рЅдрѕГрїГ рЅа рЅђрІХ рѕЁріГрѕЮріЊ рІГрїарЇІрѕЇ рІѕрІГ?
**
ріЦріЊ рѕїрѕјрЅйрѕЮ ріарІЮріЊріЮ ріЦріЊ ріарѕхрЅ░рѕЏрѕф рЇЋрѕ«рїЇрѕФрѕърЅй рЅа рІХріГрЅ░рѕГрѕх рїѕрЅарЅ│ рЇЋрѕ«рїЇрѕФрѕЮ 

**рѕЮрїЇрЅЦ ріерЅ░рѕўрїѕрЅА рЅаріІрѕІ рІхріФрѕЮ  ріЦріЋрЅЁрѕЇрЇЇ ріЦріЋрЅЁрѕЇрЇЇ рѕЏрѕѕрЅх рѕўріЋрѕхріцрІЇ рѕЮріЋ рІГрѕєріЋ?**

рІЏрѕг ріарѕГрЅЦ рѕЮрѕйрЅх 3:30 рѕІрІГ рІГрїарЅЦрЅЂріЋ 


**рІГрѕЁріЋріЋ рЇЋрѕ«рїЇрѕФрѕЮ рѕхрЇќріЋрѕ░рѕГ рІФрІ░рѕерїѕрѕІрЅ╣ 
  рѕЃрІФрЅх рѕєрѕхрЇњрЅ│рѕЇ рѕюрІ▓ріФрѕЇ рі«рѕїрїЁ**",
817,DoctorsET,2022-04-14 04:14:11+00:00,"Ethiopian Medical Association's 58th Medical Conference is slated to be held on Friday, April 15, 2022, and Saturday April 16,2022. 

We cordially invite any interested health professionals to attend the conference virtually using the link below. 

https://www.ethiopianmedicalass.org/58th-amc-registration/ 

#annualmedicalconference #ema #58th #paneldiscussions #scientific sessions #abstracts",
815,DoctorsET,2022-04-12 18:01:18+00:00,"**рѕхрѕѕ рІѕріЋрІх рІўрѕГ рѕЏрІѕрЅЁ рІФрѕѕрЅдрЅх рІІріЊ рІІріЊ ріљрїѕрѕ«рЅй 

рЅЂрѕўрЅх рІГрїерѕЮрѕФрѕЇ ?

рЅарѕЃрѕф рІГрЅђрІГрѕФрѕЇ? 

рЅхріерѕ╗ріЋ рІФрѕ░рЇІрѕЇ**?

**ріерЅ│рЅй рІФрѕѕрІЇріЋ рѕіріЋріГ рЅ░рїГріљрІЇ рІГрѕўрѕЇріерЅ▒** 
­ЪЉЄ­ЪЉЄ­ЪЉЄ­ЪЉЄ­ЪЉЄ­ЪЉЄ­ЪЉЄ­ЪЉЄ­ЪЉЄ­ЪЉЄ­ЪЉЄ
https://youtu.be/XvlWvRYo-TU",
814,DoctorsET,2022-04-08 17:07:21+00:00,,
813,DoctorsET,2022-04-08 17:07:21+00:00,,
812,DoctorsET,2022-04-08 17:07:21+00:00,,
811,DoctorsET,2022-04-08 17:07:21+00:00,"рІЏрѕг рѕЮрѕйрЅх 3:30 рЅа рЇІріЊ рЅ┤рѕїрЅфрІЦріЋ рІХріГрЅ░рѕГрѕх рібрЅхрІ«рїхрІФ 

            рІерЅЦрІЎ рѕ░рІЇ рїЦрІФрЅё рІерѕєріљрІЇ 
рЅарѕхрЇќрѕГрЅх рѕўрѕхрѕфрІФ рЅцрЅХрЅй рІЇрѕхрїЦ рѕ░рІЇріљрЅх рѕЏрІ░рѕѕрЅбрІФ  рЅа ріфріњріЋ ріЦріЊ рѕўрѕГрЇї рѕўрѕЇріГ рІерѕџрѕ░рїА рѕхрЅ┤рѕ«рІГрІхрѕх рѕЮріЋрІхріЋ ріЊрЅИрІЇ?

рІ░рІерѕЮ рїЇрЇірЅХ ріерЇЇ рЅЦрѕЈрѕЇ рЅ░рЅЦрѕѕрІЇрѕх рІГрѕєріЋ ?
   рІерІ░рѕЮ рїЇрЇірЅх рѕ▓рЅБрѕЇ рѕЮріЋ рѕЏрѕѕрЅх ріљрІЇ?

ріЦріЊ рѕїрѕјрЅйрѕЮ рїЅрІ│рІ«рЅйріЋ рІѕрІ░ріЊріЋрЅ░ рІГрІўріЋ ріЦріЋрѕўрїБрѕѕріЋ 

рІЏрѕг рѕЮрѕйрЅх 3:30 рѕІрІГ рЅа рЇІріЊ рЅ┤рѕїрЅфрІЦріЋ рІГрїарЅЦрЅЂріЋ

рІГрѕЁріЋ рЇЋрѕ«рїЇрѕФрѕЮ рѕхрЇќріЋрѕ░рѕГ рІФрІ░рѕерїЅрѕІрЅ╣ 

рѕЃрІФрЅх рѕєрѕхрЇњрЅ│рѕЇ 
рѕФрѕЏрІ│ ріарІ▓рѕх рѕєрЅ┤рѕЇ",
810,DoctorsET,2022-04-07 04:24:11+00:00,,
809,DoctorsET,2022-04-07 04:24:11+00:00,,
808,DoctorsET,2022-04-07 04:24:11+00:00,,
807,DoctorsET,2022-04-07 04:24:11+00:00,"рІЇрІх рІерІХріГрЅ░рѕГрѕх рібрЅхрІ«рїхрІФ рЅцрЅ░рѕ░рЅдрЅй

  рѕЃрІФрЅх рѕєрѕхрЇњрЅ│рѕЇ рЅаріарІ▓рѕх ріарѕхрЅ░рІ│рІ░рѕГ ріЦріЊ рЅарѕЇрІ« рѕўрѕЇріЕ ріерЇІрЅ░ріЏ рѕЇрѕЮрІх рЅБрѕІрЅИрІЇ рѕхрЇћрѕ╗рѕірѕхрЅх рѕЃріфрѕърЅ╣ ріарїѕрѕЇрїЇрѕјрЅх ріЦрІерѕ░рїа рІГрїѕріЏрѕЇ рЇб

**1. рІХ/рѕГ ріцрѕірІФрѕх рІерІЇрѕхрїЦ рІ░рІї рѕхрЇћрѕ╗рѕірѕхрЅх 
2. рІХ/рѕГ рїёріћрЅх рІерїЦрѕГрѕх рѕЁріГрѕЮріЊ рѕхрЇћрѕ╗рѕірѕхрЅх 
3. рІХ/рѕГ рЅхрѕЇрЅЁ рѕ░рІЇ рІерѕЏрѕЁрЇђріЋ ріЦріЊ рЇЁріЋрѕх рѕЁріГрѕЮріЊ рѕхрЇћрѕ╗рѕірѕхрЅх 
4. рІХ/рѕГ рЅЃрѕЇріфрІ│ріЋ рІеріарїЦріЋрЅх рѕЁріГрѕЮріЊ рѕхрЇћрѕ╗рѕірѕхрЅх 
**
     ріЦріЊ рѕїрѕјрЅйрѕЮ рѕхрЇћрѕ╗рѕірѕхрЅх рѕЃріфрѕърЅй 

ріЦрѕГрѕХ рІѕрІ░ріЏ рІГрѕЮрїА ріЦріЏ ріЦріЋрІ░ рЅцрЅ░рѕ░рЅЦ рЅ░рЅђрЅЦрѕѕріЋ рѕЎрѕЅ рѕЁріГрѕЮріЊрІјріЋ ріарІхрѕГрїѕріЋ ріЦріЋрѕИріърЅ│рѕѕріЋ рЇб

 ** рІе ріарѕЮрЅАрѕІріЋрѕх ріарїѕрѕЇрїЇрѕјрЅх рѕхрѕІрѕѕріЋ рІхріЋрїѕрЅ░ріЏ рѕЁріГрѕЮріЊ рЅбрІФрѕхрЇѕрѕЇрїјрЅх рІѕрІ░ріЏ рІГрІ░рІЇрѕЅрѕЇріЋ
**
09 09 46 46 46 рЅарѕўрІ░рІѕрѕЇ рІФрѕЏріГрѕЕріЋ рѕўрѕерїЃ рІГрІЇрѕ░рІ▒рЇб

        ** рѕЃрІФрЅх рѕєрѕхрЇњрЅ│рѕЇ рѕюрІ▓ріФрѕЇ рі«рѕїрїЁ
            рѕѕрЅ░рѕ╗рѕѕ рІерїцріЊ ріарїѕрѕЇрїЇрѕјрЅх**",
805,DoctorsET,2022-04-03 16:15:29+00:00,"рѕйріЋрЅХріЋ рѕ▓рѕИріЉ рѕЮріЋ ріарІГріљрЅх рЅђрѕѕрѕЮ ріарѕѕрІЇ ?

рѕйріЋрЅх рѕІрІГ рІ░рѕЮ ріарѕѕ рѕ▓рЅБрѕЇ рѕЮріЋ рѕЏрѕѕрЅх ріљрІЇ?

рІерѕйріЋрЅХріЋ рЅђрѕѕрѕЮ рЅарѕЏрІѕрЅЁ рїцріЊрІјріЋ рІГрїарЅЦрЅЂ!

**рѕЃрІФрЅх рѕєрѕхрЇњрЅ│рѕЇ рѕюрІ▓ріФрѕЇ рі«рѕїрїЁ**
  
­ЪЉЄ­ЪЉЄ­ЪЉЄ­ЪЉЄ­ЪЉЄ­ЪЉЄ­ЪЉЄ
https://youtu.be/lSSL-9QmbnI",
804,DoctorsET,2022-04-02 06:06:36+00:00,"рѕІрѕѕрЇЅрЅх 21 ріарѕўрЅ│рЅх рЅарѕўрѕЮрѕЁрѕГріљрЅх рЅарЅ░рѕѕрІФрІЕ рЅхрѕЮрѕЁрѕГрЅх рЅцрЅХрЅй рІЇрѕхрїЦ ріарѕхрЅ░рѕЮрѕгрІФрѕѕрІЇ 

ріарїЦрЇі рЅхрІЇрѕЇрІх рѕѕрѕўрЇѕрїарѕЕ рЅ░рїарІФрЅѓ рѕЏріљрІЇ ?

ріарѕЂріЉріЉ рІГрѕўрѕЇріерЅ▒

https://youtu.be/ZG8UjlLbkWM",
802,DoctorsET,2022-04-01 17:02:54+00:00,,
801,DoctorsET,2022-04-01 17:02:54+00:00,,
800,DoctorsET,2022-04-01 17:02:54+00:00,,
799,DoctorsET,2022-04-01 17:02:54+00:00,,
798,DoctorsET,2022-04-01 17:02:54+00:00,"рІЏрѕг ріарѕГрЅЦ рѕЮрѕйрЅх 3:30 рЅа рІХріГрЅ░рѕГрѕх рібрЅхрІ«рїхрІФ рЇІріЊ рЅ┤рѕїрЅфрІЦріЋ 

рѕ│рѕЮріЋрЅ▒ріЋ рЅарѕЎрѕЅ рЅарїЅрїЅрЅх рѕхріљрїарЅЦрЅЃрЅ╣ рІГріИрІЇ рІЏрѕг ріарѕГрЅЦ рІ░рѕерѕ░ рЇб 

рѕІрѕѕрЇІрЅх 64 рѕ│рѕЮріЋрЅ│рЅх рІерЅ░рѕѕрІФрІЕ рѕўрѕерїЃрІјрЅйріЋ рІѕрІ░ріЊріЋрЅ░ ріарІхрѕГрѕ░ріЊрѕЇ   рІЏрѕгрѕЮ 

**рѕІрѕѕрЇЅрЅх 21 ріарѕўрЅ│рЅх   рЅа рЅ░рѕѕрІФрІ« рЅхрѕЮрѕЁрѕГрЅх рЅцрЅХрЅй рѕІрІГ рЅа рѕўрѕЮрѕЁрѕГріљрЅх рѕърІФ  рІерѕ░рѕФрЅй ріарѕЂріЋрѕЮ рЅарѕўрѕЮрѕЁрѕГріљрЅх рѕърІФ рѕІрІГ рІФрѕѕрЅй рЅарЅ░рѕѕрІФрІ« рІе рЅ┤рѕїрЅфрІЦріЋ рЇЋрѕ«рїЇрѕФрѕърЅй рѕІрІГ рЅарѕўрЅЁрѕерЅЦ  рЅхрІЇрѕЇрІхріЋ ріЦріЋрІ┤рЅх рѕЏрЇЇрѕФрЅх рІГрЅ╗рѕІрѕЇ рЅарѕџрѕЇ рѕГріЦрѕ░ рїЅрІ│рІ«рЅй рѕІрІГ рѕўрѕЇрѕх рѕхрЅхрѕ░рїЦ рІеріљрЅарѕерЅйрІЇ рѕўрѕЮрѕЁрѕГрЅх рѕ░ріЊрІГрЅх рІЏрѕг рѕЮрѕйрЅх 3:30 рЅа рІХріГрЅ░рѕГрѕх рібрЅхрІ«рїхрІФ рЇІріЊ рЅ┤рѕїрЅфрІЦріЋ рѕІрІГ рІерѕ│рѕЮріЋрЅ▒  ріЦріЋрїЇрІ│рЅйріЋ ріарІхрѕГрїѕріЊрЅ│рѕЇ 

**ріЦріЋрІ▓рѕЂрѕЮ рІерЅЦрІЎ рѕ░рІЇ рїЦрІФрЅё рІерѕєріљрІЇ рѕЇрїё рѕЮрїЇрЅЦ ріарІГрЅарѕІрѕЮ : рѕўрѕўрїѕрЅЦ ріарѕЇрЅ╗рѕѕрѕЮ :  рѕЮрїЇрЅЦ рЅ░рЅђрІГрѕ« ріЦріЋрі│ріЋ ріарІГрЅарѕІрѕЮ рѕўрЇІрЅхрѕёрІЇ рѕЮріЋрІхріЋ ріљрІЇ ?



рІХ/рѕГ ріцрѕЇрѕ│рЅцрїЦ рїѕрЅЦрѕг рІе рѕЁрЇЃріЊрЅх рѕхрЇћрѕ╗рѕірѕхрЅх рѕЃріфрѕЮ рїІрѕГ рЅєрІГрЅ│ рІГріќрѕеріЊрѕЇ !

**рІЏрѕг ріарѕГрЅЦ рѕЮрѕйрЅх 3:30 рѕІрІГ рЅа рЇІріЊ рЅ┤рѕїрЅфрІЦріЋ ріЦріЋрїѕріЊріЮ ! **

рІГрѕЁріЋ рЇЋрѕ«рїЇрѕФрѕЮ рѕхрЇќріЋрѕ░рѕГ рІФрІ░рѕерїѕрѕІрЅ╣

**рѕЃрІФрЅх рѕєрѕхрЇњрЅ│рѕЇ рѕюрІ▓ріФрѕЇ рі«рѕїрїЁ рЅаріарІ▓рѕх рѕЏріћрїЁрѕўріЋрЅх ріЦріЊ ріерЇІрЅ░ріЏ ріЦрІЇрЅЁріЊріЋ рЅБріФрЅарЅ▒ рѕхрЇћрѕ╗рѕірѕхрЅх рѕЃріфрѕърЅй рЅБрѕЏрѕерІЇ ріЦріЊ ріЋрЇЁрѕЁріЊрІЇріЋ рЅарїарЅарЅђрІЇ рѕєрѕхрЇњрЅ│рѕІрЅйріЋ ріЦріЋрІ░ рЅцрЅ░рѕ░рЅЦ рѕєріљріЋ рЅ░рЅђрЅЦрѕѕріЋ рІерѕџрІФрѕхрЇѕрѕЇрїјрЅхріЋ рѕЁріГрѕЮріЊ ріЦріЊрІ░рѕГрїІрѕѕріЋ рЇб
рІерЅ░рѕ╗рѕѕ рІерѕЋріГрѕЮріЊ ріарїѕрѕЇрїЇрѕјрЅх рѕѕрЅ░рѕ╗рѕѕ рїцріЊрѕЏ рѕЁрІГрІѕрЅх !

+25116-62-44-88
   09 09 46 46 46  рІГрІ░рІЇрѕЅрѕЇріЋ**",
797,DoctorsET,2022-03-26 17:46:39+00:00,"**ріе ріарІ│рѕЏ рЅ░рѕўрѕЇріФрЅ╗рЅйріЋ ріерЅ░рѕІріерѕЇріЋ рїЦрІФрЅё
""  рѕхрі│рѕГ рѕЁрѕўрѕЮ  рѕхріЋрЇѕрЅ░ рІѕрѕ▓рЅЦ рІФрѕхріерЅхрѕІрѕЇ рІѕрІГ ?""**

рІГрѕЁ рїЅрІ│рІГ рЅЦрІЎ рїЇрІю рѕ░рІјрЅй рѕЁріГрѕЮріЊ рЅдрЅ│ рѕўрїЦрЅ░рІЇ ріе рѕЃріфрѕърЅй рїІрѕГ рѕѕрѕўріљрїІрїѕрѕГ рѕФрѕ▒ рІФрЇЇрѕФрѕЅ 
рїЇріЋ рІГрѕЁ ріљрїѕрѕГ рЅЦрІЎ рІѕріЋрІХрЅй ріЦріЊ рѕ┤рЅХрЅй рѕІрІГ рІГріерѕ░рЅ│рѕЇ рЇб

**рІерІџрѕЁ рЅйрїЇрѕГ рѕўріЋрѕхріцрІЇ рЅЦрІЎ ріљрІЇ рѕЁрЅЦрѕерЅ░рѕ░рЅА рЅђрІхрѕъ рѕўріерѕІріерѕЇ ріерЅ░ріерѕ░рЅ░рѕЮ рІ░рїЇрѕъ ріЦріљрІџрѕЁріЋ рѕЁріГрѕЮріЊрІјрЅй рѕЏрІхрѕерїЇ рІГріќрѕГрЅарЅ│рѕЇ **

ріарѕЂріЋ рЅа рІ«рЅ▓рІЇрЅЦ рЅ╗ріЊрѕІрЅйріЋ рІГрѕўрѕЇріерЅ▒ / рѕ╝рѕГ рЅарѕЏрІхрѕерїЇ ріерІџрѕЁ рЅйрїЇрѕГ рѕ░рІјрЅй ріЦріЋрІ▓рІѕрїА ріЦріЋрѕГрІ│рЅИрІЇ 

­ЪЉЄ­ЪЉЄ­ЪЉЄ­ЪЉЄ­ЪЉЄ­ЪЉЄ­ЪЉЄ­ЪЉЄ
https://youtu.be/_ZmbH0jejCQ",
796,DoctorsET,2022-03-25 17:21:06+00:00,,
795,DoctorsET,2022-03-25 17:21:06+00:00,,
794,DoctorsET,2022-03-25 17:21:06+00:00,,
793,DoctorsET,2022-03-25 17:21:06+00:00,,
792,DoctorsET,2022-03-25 17:21:06+00:00,,
791,DoctorsET,2022-03-25 17:21:06+00:00,"рІЏрѕг ріарѕГрЅЦ рѕЮрѕйрЅх 3:30 рЅа рЇІріЊ рЅ┤рѕїрЅфрІЦріЋ рІХріГрЅ░рѕГрѕх    рібрЅхрІ«рїхрІФ рѕЇрІ« рѕЇрІ« рЇЋрѕ«рїЇрѕФрѕърЅй  рЅ░рІўрїІрїЁрЅ░рІЇ рІѕрІ░ріЊріЋрЅ░ рІГрІ░рѕГрѕ│рѕЅрЇб

**рІѕріЋрІХрЅй рѕІрІГ рІерѕџріерѕ░рЅх рѕхріЋрЇѕрЅ░ рІѕрѕ▓рЅЦ рІѕрІГріЋрѕЮ рѕѕ рїЇрЅЦрѕерѕхрїІ  рїЇріЋріЎріљрЅх рІЮрїЇрїЂ ріарѕѕрѕўрѕєріЋ рІе рѕхрі│рѕГ рѕЁрѕўрѕЮ рѕірѕєріЋ рІГрЅйрѕІрѕЇ ! рЅарІџрѕЁ рїЅрІ│рІГ рѕ░рЇі рѕЏрЅЦрѕФрѕфрІФ рІГрІўріЋ рѕўрЅ░ріЊрѕЇ**

ріЦріЋрІ▓рѕЂрѕЮ рІеріарїЦріЋрЅх рѕўрѕ│рѕ│рЅх ріЦріЊ рІерѕўрїѕрїБрїарѕџрІФ рѕЁрѕўрѕЮ рѕўріЋрѕхріцрІјрЅйріЋ 

**ріЦріЊ рѕїрѕјрЅй рѕЇрІ« рѕЇрІ« рЇЋрѕ«рїЇрѕФрѕърЅйріЋ ріЦрІерЅ░рІЮріЊріЉ ріЦрЅцрЅхрІј рѕєріљрІЇ ріФрѕГрІх рѕ│рІФрІѕрїА рІерїцріЊ рѕўрѕерїЃрІјрЅйріЋ рІФрїЇріЎ рЇб**

рІерѕйріЋрЅх ріерѕѕрѕГ рѕўрЅђрІФрІерѕГ рѕўріЋрѕхріцрІЇріЋ рѕЏрІѕрЅЁ рІГрЇѕрѕЇрїІрѕЅ ? рѕ░рІЇріљрЅ│рЅйріЋ рѕЮріЋ рѕЮрѕЇріГрЅх ріЦрІерѕ░рїаріЋ ріљрІЇ?
рѕйріЋрЅх рѕІрІГ рІ░рѕЮ рІГрЅ│рІФрѕЇ рѕ▓рЅБрѕЇ рѕЮріЋ рѕЏрѕѕрЅх ріљрІЇ ?

   ріарѕГрЅЦ рѕЮрѕйрЅх 3:30 рЅа рЇІріЊ рЅ┤рѕїрЅфрІЦріЋ ріе рІХріГрЅ░рѕГрѕх рібрЅхрІ«рїхрІФ рїІрѕГ рЅєрІГрЅ│рІјріЋ рЅарѕЏрІхрѕерїЇ рѕўрѕерїЃрІјрЅйріЋ рІФрїЇріЎрЇб

**рѕЃрІФрЅх рѕєрѕхрЇњрЅ│рѕЇ рѕюрІ▓ріФрѕЇ рі«рѕїрїЁ рЅаріарІ▓рѕх рѕЏріћрїЁрѕўріЋрЅх ріЦріЊ ріерЇІрЅ░ріЏ ріЦрІЇрЅЁріЊріЋ рЅБріФрЅарЅ▒ рѕхрЇћрѕ╗рѕірѕхрЅх рѕЃріфрѕърЅй рЅБрѕЏрѕерІЇ ріЦріЊ ріЋрЇЁрѕЁріЊрІЇріЋ рЅарїарЅарЅђрІЇ рѕєрѕхрЇњрЅ│рѕІрЅйріЋ ріЦріЋрІ░ рЅцрЅ░рѕ░рЅЦ рѕєріљріЋ рЅ░рЅђрЅЦрѕѕріЋ рІерѕџрІФрѕхрЇѕрѕЇрїјрЅхріЋ рѕЁріГрѕЮріЊ ріЦріЊрІ░рѕГрїІрѕѕріЋ рЇб**
**рІерЅ░рѕ╗рѕѕ рІерѕЋріГрѕЮріЊ ріарїѕрѕЇрїЇрѕјрЅх рѕѕрЅ░рѕ╗рѕѕ рїцріЊрѕЏ рѕЁрІГрІѕрЅх !**

+25116-62-44-88
   09 09 46 46 46  рІГрІ░рІЇрѕЅрѕЇріЋ",
790,DoctorsET,2022-03-19 16:57:52+00:00,"рЅарѕ│рѕЮріЋрЅх 3 рїЇрІю ріЦріЊ ріерІЏ рЅарѕІрІГ рїЇрЅЦрѕерѕхрїІ рїЇріЋріЎріљрЅх рІФрѕѕ рѕўріерѕІріерІФ рѕѕ ріаріЋрІх ріарѕўрЅх  ріарІхрѕГрїѕрІЇ  рѕўрІЇрѕѕрІх ріФрѕЇрЅ╗рѕЅ 

ріЦрѕГрїЇрІЮріЊ ріЦріЋрІ┤рЅх рІГрЇѕрїарѕФрѕЇ ?

**ріарѕЂріЋ рЅа рІ«рЅ▓рІЇрЅЦ рІГрѕўрѕЇріерЅ▒**
­ЪЉЄ­ЪЉЄ­ЪЉЄ­ЪЉЄ­ЪЉЄ­ЪЉЄ­ЪЉЄ­ЪЉЄ

https://youtu.be/ZPm0lyU5l5w",
789,DoctorsET,2022-03-18 18:39:57+00:00,"рІерѕЂрѕѕрЅ░ріЏрІЇ рІ░рѕерїЃ рѕЋріерѕЮріЊ  рІерѕџрѕ░рїарІЇ рЅарЅђрІХ рѕЋріГрѕЮ ріГрЇЇрѕЇ рІГрѕєріЊрѕЇрЇАрЇА ріГрЇЇрЅх рѕхрЅЦрѕФрЅХрЅй рЅЦрІЎрІЇріЋ рїірІю рЅєрѕ╗рѕ╗ рІерѕўрІФрІЮ ріЦрІхрѕІрЅИрІЇ ріерЇЇрЅ░ріЏ рѕхрѕѕрѕєріљ рІѕрІ░ рЅђрІХ рѕЋріГрѕЮріЊ рїѕрЅЦрЅ░рІЇ рЅЂрѕхрѕЅ рЅ│рїЦрЅд ріарїЦріЋрЅ▒ріЋ рЅарЅЦрѕерЅх рѕЏрѕхрІФрІЮ ріарѕхрЇѕрѕІрїі рІГрѕєріЊрѕЇрЇАрЇА
 
рѕхрЅЦрѕФрЅ▒ рЅ░ріерЇЇрЅХ рІѕрІ░ рІЇрѕхрїЦ рІерїѕрЅА рЅєрѕ╗рѕ╗рІЇрЅй ріФрѕЅ ріЦріљрѕ▒ рЅ░рѕѕрЅЁрѕўрІЇ рѕўрІЇрїБрЅх рІГріќрЅБрЅИрІЇрІІрѕЇрЇАрЇА ріерІџрѕЁ рЅарЅ░рїерѕЏрѕф рІерѕърЅ▒ рІеріарїЦріЋрЅх рЅЂрѕФрїЦрѕФрї«рЅй  рІѕрІГрѕЮ рѕхрЅЦрѕФрЅХрЅй ріФрѕЅ рІѕрЅ░рІЇ рЅЂрѕхрѕЅ рѕўрЅ│рїарЅЦ ріарѕѕрЅарЅх ріерІџрѕЁ рЅаріЃрѕѕ рѕхрЅЦрѕФрЅ▒ріЋ ріерІЇрїГ рІѕрІГрѕЮ ріерІЇрѕхрїЦ рЅарѕџрїѕрЅБ рЅЦрѕерЅх  рѕЏрІЮрІФрІЮ ріарѕхрЇѕрѕІрїі рІГрѕєріЊрѕЇрЇАрЇА

рЅЦрІЎрІЇріЋ рїірІю рѕхрЅЦрѕФрЅ▒ріЋ рЅарЅЦрѕерЅх ріЦріЊрѕхрІГрІўрІІрѕѕріЋ рѕхріЋрѕЇ рЅЦрІЎ рЅ│ріФрѕџрЅй рІ░рѕхрЅ░ріЏ  ріарІГрѕєріЉрѕЮрЇАрЇА ріљрїѕрѕГ рїЇріЋ рѕѕріарїЦріЋрЅх рѕЋріГрѕЮріЊ рІерѕЮріЋрїарЅђрЅБрЅИрІЇ рЅЦрѕерЅХрЅй рѕѕрІерЅх рІФрѕЅ ріерѕхрЅ┤ріЋрѕѕрѕх рѕхрЅ▓рѕЇ рІѕрІГрѕЮ рЅ│рІГрЅ│ріЋрІерѕЮ рІерЅ░рѕ░рѕЕ рѕ▓рѕєріЉ ріерѕ░рІЇріљрЅ│рЅйріЋ рїІрѕГ рЅ░рѕхрѕЏрѕЮрЅ░рІЇ рѕўріќрѕГ рІерѕџрЅйрѕЅріЊ рѕЮріЋрѕЮ ріарІГріљрЅх рІерїјріЋрІ«рѕй  рїЅрІ│рЅх рІерѕїрѕІрЅИрІЇ рѕўрѕєріЊрЅИрІЇріЋ рѕѕрѕЏрѕхрїѕріЋрІўрЅЦ ріЦрІѕрІ│рѕѕрѕЂрЇАрЇА 

рІХ/рѕГ рЅЃрѕЇріфрІ│ріЋ ріарІФрѕїрІЇ рЇц рІеріарїЦріЋрЅхріЊ рІхріЋрїѕрЅ░ріЏ ріарІ░рїІ рЅђрІХ рѕЁріГрѕЮріЊ рѕхрЇћрѕ╗рѕірѕхрЅх

**рѕѕрѕЏріЋріЏрІЇрѕЮ рѕЁріГрѕЮріЊ рЅа рѕЃрІФрЅх рѕєрѕхрЇњрЅ│рѕЇ рѕюрІ▓ріФрѕЇ рі«рѕїрїЁ рЅарѕўрѕЮрїБрЅх рѕЮріГрѕГ рѕЏрїЇріўрЅх рІГрЅйрѕІрѕЅ рЇб**",
788,DoctorsET,2022-03-18 18:39:57+00:00,"рІЇрІх ріаріЋрЅБрЅбрІФріЋ ріЦріЋрІ░рѕЮріЋ ріарѕІрЅйрѕЂ рЇА ріЦріЋрїЇрІ▓рѕЁ ріЦріЋрІ░рѕЮрЅ│рІЇрЅЂрЅх рЅарѕђрїѕрѕФрЅйріЋ  ріЦріЋрІ▓рѕЂрѕЮ рЅарЅ░рѕѕрІФрІЕ  рІеріарѕѕрѕЏрЅйрѕЁ ріГрЇЇрѕјрЅй рїЇрїГрЅХрЅй ріЦріЊ рїдрѕГріљрЅХрЅй  рЅ░рЅарѕФріГрЅ░рІЅ рЅєрІГрЅ░рІІрѕЇрЇб ріерІџрѕЂ рїІрѕГ рЅ░рІФрІГрІЎ рЅаріарЅЦрІЏрѕЁріЏрІЅ рІерѕџрїјрІ│рІЇ рѕ░рІЇ рІ░рїЇрѕъ рІеріарїЦріЋрЅх рѕхрЅЦрѕФрЅх рІГріќрѕерІІрѕЇрЇАрЇА 

ріЦріљрІџрѕЁ ріерїдрѕГріљрЅх рїІрѕГ рЅ░рІФрІГрІўрІЇ рІерѕџрѕўрїА       рѕхрЅЦрѕФрЅХрЅй рІ░рїЇрѕъ рЅЦрІЎрІЅріЋ рїірІю ріГрЇЇрЅх рѕхрЅЦрѕФрЅХрЅй рѕхрѕѕрѕєріЉ рѕЁріГрѕЮріЊрЅИрІЇ ріерѕїрѕјрЅй рѕхрЅЦрѕФрЅХрЅй рѕѕрІерЅх рІФрѕѕ рІГрѕєріЊрѕЇрЇАрЇА

ріГрЇЇрЅх рѕхрЅЦрѕФрЅх рѕЏрѕѕрЅх ріарїЦріЋрЅ▒ рЅарЅєрІ│рІЇ рІЅрѕхрїЦ рІўрѕЇрЅє рѕ▓рІѕрїБ ріЦріЊ рЅаріарІГріЋ рѕ▓рЅ│рІГ рІерѕџрЇѕрїарѕГ рЇБ рІѕрІГрѕЮ рІ░рїЇрѕъ рїЦрѕЇрЅЁ рІерѕєріљ рЅЂрѕхрѕѕрЅх рЅарЅєрІ│рІЇ рѕІрІГ рѕ▓ріќрѕГ рІерѕџрЇѕрїарѕГ ріљрІЇрЇАрЇА 

рѕЮріЋрѕЮ ріаріЋрі│ріЋ рѕЂрѕЅрѕЮ рѕхрЅЦрѕФрЅХрЅй рІхріЋрїѕрЅ░ріЏ рѕЋріГрѕЮріЊ рЅбрЇѕрѕЇрїЅрѕЮ ріерЇЇрЅх рѕхрЅЦрѕФрЅХрЅй рїЇріЋ ріерІџрѕЁ рЅарЅарѕѕрїа  рІерЅ░рѕѕрІе рЅхріЕрѕерЅх рІГрЇѕрѕЇрїІрѕЅрЇб рІГрѕЁрѕЮ рІерѕєріљрІЅ ріЦріљрІџрѕЁ рѕхрЅЦрѕФрЅХрЅй рЅарЇІрїЦріљрЅх ріарѕхрЇѕрѕІрїірІЇріЋ рѕЁріГрѕЮріЊ ріФрѕІрїѕріЎ рІеріарїЦріЋрЅх ріцріЋрЇЇріГрѕйріЋ рѕірІФрѕўрїА рѕхрѕѕрѕџрЅйрѕЅ  ріљрІЇрЇАрЇА 

рІеріарїЦріЋрЅх ріцріЋрЇЇріГрѕйріЋ ріаріЋрІх рїірІю ріерЅ░ріерѕ░рЅ░ рѕѕрѕЏріерѕЮ рЅарїБрѕЮ ріарѕхрЅИрїІрѕф рІерѕєріљ рЅарѕйрЅ│ ріљрІЇрЇАрЇА рѕхрѕѕрІџрѕЁ рѕЏріЋріЏрІЇрѕЮ ріГрЇЇрЅх рѕхрЅЦрѕФрЅх рѕ▓ріќрѕГ рЅаріарЇІрїБріЮ рІѕрІ░ ріарїЦріЋрЅх рЅђрІХ рѕЋріГрѕЮріЊ рѕхрЇћрѕ╗рѕірЅх рїІрѕГ рЅђрѕГрЅд рѕўрЅ│ріерѕЮ ріарѕЏрѕФрїГ рІерѕїрѕѕрІЇ рІЇрѕ│ріћ ріљрІЇрЇАрЇА

рІеріГрЇЇрЅх рѕхрЅЦрѕФрЅх рѕЋріГрѕЮріЊ рѕЮріЋ рІГрѕўрѕхрѕІрѕЇ рІерѕџрѕѕрІЇріЋ рІерЅ░рІѕрѕ░ріљ рѕѕрѕЏрІерЅх  рІФріГрѕЇ ріЦрѕЮріГрѕФрѕѕрѕЂрЇАрЇА 

рІерѕўрїђрѕўрѕфрІФрІЇ рѕЋріГрѕЮріЊ рІерѕџрѕєріљрІЇ рІерѕџрѕ░рЇѕрѕ░ рІ░рѕЮ ріФрѕѕ рІ░рѕЎріЋ рѕЏрѕхрЅєрѕЮ ріљрІЇрЇАрЇА ріерІџрѕЁ рЅарЅ░рїерѕЏрѕф рїЇріЋ  ріЦріљрІџрѕЁ рѕхрЅЦрѕФрЅХрЅй рѕѕрібріЋрЇЇріГрѕйріЋ рІерЅ░рїІрѕѕрїА рѕхрѕѕрѕєріљ  ріЦрѕ▒ріЋ рѕѕрѕўріерѕІріерѕЇ рІерібріЋрЇЇріГрѕйріЋ ріЦріЊ рІерЅ┤рѕІріљрѕх рѕўріерѕІріерІФ рѕўрІхрѕђріњрЅхрЅХрЅй рїЅрІ│рЅ▒ рЅарІ░рѕерѕ░ рЅаріарїГрѕГ рїірІю рІЅрѕхрїЦ рѕўрѕхрїарЅх рІФрѕхрЇѕрѕЇрїІрѕЇрЇАрЇА ріерІџрѕЁ рЅарЅ░рїерѕЏрѕф рІ░рїЇрѕъ рІерѕЁрѕўрѕЮ рѕЏрѕхрЅ│рїѕрѕ╗ рѕўрѕхрїЦрЅх ріЦріЊ рѕхрЅЦрѕФрЅХрЅхріљріЋ  рЅарѕўрІ░рїЇрЇірІФ рѕЏрѕхрѕГ рІФрѕхрЇѕрѕЇрїІрѕЇрЇАрЇА",
787,DoctorsET,2022-03-18 17:53:09+00:00,,
786,DoctorsET,2022-03-18 17:53:09+00:00,,
785,DoctorsET,2022-03-18 17:53:09+00:00,,
784,DoctorsET,2022-03-18 17:53:09+00:00,,
783,DoctorsET,2022-03-18 17:53:08+00:00,"рІЏрѕг рѕЮрѕйрЅх 3:30 рЅа рЇІріЊ рЅ┤рѕїрЅфрІЦріЋ 

**рѕхрѕѕ рѕўріФріЋріљрЅх рІѕрІГріЋрѕЮ рѕўрІЇрѕѕрІх ріарѕѕрѕўрЅ╗рѕЇ рІХ/рѕГ рЅхрѕЇрЅЁ рѕ░рІЇ  ріе рѕЃрІФрЅх рѕєрѕхрЇњрЅ│рѕЇ рѕўрѕЇрѕх рІГрѕ░рїаріЊрѕЇ**рЇб

**ріаріЋрІ▓рѕЂрѕЮ рЅарІхріЋрїѕрЅ░ріЏ ріарІ░рїІ рїЇрІю рІерѕџріерѕ░рЅ▒ рѕхрЅЦрѕФрЅХрЅй рЅа рІХ/рѕГ рЅЃрѕЇріфрІ│ріЋ  **

  ріЦріЊ рѕїрѕјрЅй рѕЇрІ« рѕЇрІ« рЇЋрѕ«рїЇрѕФрѕърЅ╗рЅйріЋріЋ ріЦрЅцрЅхрІј рЅарѕўрѕєріЋ ріФрѕГрІх рѕ│рІФрІѕрїА рІГрѕўрѕЇріерЅ▒

рІерІХріГрЅ░рѕГрѕх рібрЅхрІ«рїхрІФ рЇЋрѕ«рїЇрѕФрѕЮ рѕхрЇќріЋрѕ░рѕГ рІФрІ░рѕерїЅрѕІрЅ╣ 

**рѕЃрІФрЅх рѕєрѕхрЇњрЅ│рѕЇ рѕюрІ▓ріФрѕЇ рі«рѕїрїЁ
рѕФрѕЏрІ│ ріарІ▓рѕх рѕєрЅ┤рѕЇ**",
782,DoctorsET,2022-03-15 17:57:48+00:00,"ріе 200 рЅарѕІрІГ рІерѕФрѕх рѕЮрЅ│рЅх рѕЁрѕўрѕърЅй ріарѕЅ!

рІе рЅЦрІЎ рѕ░рІЇ рїЦрІФрЅё рІерѕєріљрІЇ рѕФрѕ┤ріЋ ріарѕўрѕўріЮ ріерЇЇрѕј ріљрІЇ рІерѕџрІФрѕўріЮ / рІерІЇрїЦрѕерЅх рѕхрѕюрЅх / рїГріЋрЅЁрѕІрЅ┤ рѕірЇѕріљрІ│ ріљрІЇ.... ріЦріЊ рѕїрѕјрЅйрѕЮ 

рЅ│рІ▓рІФ рІГрѕЁріЋ рѕЁрѕўрѕЮ рЅарЅцрЅх рІЇрѕхрїЦ ріЦріЋрІ┤рЅх ріЦріЊріГрѕўрІЇ ?

рІХ/рѕГ ріцрѕірІФрѕх (рІерІЇрѕхрїЦ рІ░рІї рѕхрЇћрѕ╗рѕірѕхрЅх) рЅа рѕЃрІФрЅх рѕєрѕхрЇњрЅ│рѕЇ рѕЏрїЇріўрЅх рІГрЅйрѕІрѕЅрЇб 09 09 46 46 46 

­ЪЉЄ­ЪЉЄ­ЪЉЄ ріарѕЂріЋ рЅа рІ«рЅ▓рІЇрЅЦ рІГрѕўрѕЇріерЅ▒


https://youtu.be/Rm02FTycydE",
781,DoctorsET,2022-03-14 16:42:04+00:00,"**рѕЂрѕѕрЅх рїЦріЋрІХрЅй ріаріЋрІх рѕІрІГ ріЦрІеріќрѕЕ рЅа рѕ│рѕЮріЋрЅх 3 рїЇрІю ріЦріЊ ріерІЏ рЅарѕІрІГ рІФрѕѕ рѕЮріЋрѕЮ ріЦрѕГрїЇрІЮріЊ рѕўріерѕІріерІФ рїЇріЋріЎріљрЅх ріарІхрѕГрїѕрІЇ рѕѕ ріаріЋрІх ріарѕўрЅх ріЦрѕГрїЇрІЮріЊ ріФрѕЇрЅ░рЇѕрїарѕе рІГрѕЁ рЅйрїЇрѕГ ріарѕѕ рѕЇріЋрѕЇ ріЦріЋрЅйрѕІрѕѕріЋ рЇб**

рѕЃрІФрЅх рѕєрѕхрЇњрЅ│рѕЇ рѕюрІ▓ріФрѕЇ рі«рѕїрїЁ
рІХ/рѕГ рЅхрѕЇрЅЁрѕ░рІЇ рІ│ріЏрЅИрІЇ (рІерѕЏрѕЁрЇђріЋ рЇЁріЋрѕх рѕЁріГрѕЮріЊ рѕхрЇћрѕ╗рѕірѕхрЅх)
09 09 46 46 46

рѕўрѕЇріФрѕЮ рѕЮрѕйрЅх 
#Dailytips",
780,DoctorsET,2022-03-09 17:35:30+00:00,"6 рѕЁрІГрІѕрЅхріЋ рѕЏрїБрЇѕрїФ рЅЁрѕўрѕърЅй 

­ЪЉЄ­ЪЉЄ­ЪЉЄ­ЪЉЄ­ЪЉЄ­ЪЉЄ

рѕЂрѕЅрѕЮ рѕ░рІЇ рѕірѕўрѕѕріерЅ░рІЇ рІерѕџрїѕрЅБ !

ріарѕЂріЋ ріФрѕѕрѕЁрЅарЅх ріљрїѕрѕГ ріЦріЋрІ┤рЅх рѕўрІЇрїБрЅх рЅхрЅйрѕІрѕѕрѕЁ ?

­ЪЉЄ­ЪЉЄ­ЪЉЄ­ЪЉЄ ріарѕЂріЉріЉ рІГрѕўрѕЇріерЅ▒
https://youtu.be/bVHtZhtwjNU",
779,DoctorsET,2022-03-06 17:25:38+00:00,"**рЅЂрѕўрЅх рѕўрѕГрІўрѕЮ ріЦріЊ рѕЏрїарѕГ ?**

ріаріЋрІ│ріЋрІх рѕ░рІЇ рЅЂрѕўрЅ▒ ріерѕЇріГ рЅарѕІрІГ рІГрѕерІЮрѕЏрѕЇ ріаріЋрІ│ріЋрІх рѕ░рІЇ рІ░рїЇрѕъ ріарїГрѕГ рІГрѕєріЊрѕЇ

**рІХ/рѕГ рЅЃрѕЇріфрІ│ріЋ ріаріЋрІх рЅ│ріФрѕџ ріљрЅарѕеріЮ рЅЂрѕўрЅ▒ ріерЅ░рѕѕрѕўрІ░рІЇ рЅарѕІрІГ рѕерІЦрѕЮ ріљрІЇрЇб рѕЮріЊрѕѕрЅарЅх рібрЅхрІ«рїхрІФріЋ рІѕріГрѕј рѕхрЇќрѕГрЅх рѕІрІГ рЅбрѕ│рЅ░рЇЇ ріЦрѕЇ ріљрЅарѕГ**

рїЇріЋ ріЦрІЇріљрЅ│рІЇ ріЦрѕ▒ ріарІ░рѕѕрѕЮ рЅЂрѕўрЅ▒ рЅарѕўрѕГрІўрѕЎ рѕѕрЅЦрІЎ рІерїцріЊ рЅйрїЇрѕГ рЅ░рїІрѕЇрїДрѕЇ !

**рЅЂрѕўрїЦ ріерѕўрїаріЋ рЅарѕІрІГ ріЦріЋрІ│рІГрѕерІЮрѕЮ рѕЁріГрѕЮріЊ ріарѕѕрІЇ ! ріарїГрѕГ рѕ░рІЇрѕх ріЦріЋрІ▓рѕерІЮрѕЮ рѕЁріГрѕЮріЊ ріарѕѕрІЇ рІѕрІГ ?**

ріарѕЂріЉріЉ рЅа рІ«рЅ▓рІЇрЅЦ рІГрѕўрѕЇріерЅ▒ 
­ЪЉЄ­ЪЉЄ­ЪЉЄ­ЪЉЄ­ЪЉЄ­ЪЉЄ
https://youtu.be/8wX41KkFgv4",
778,DoctorsET,2022-03-04 18:27:46+00:00,,
777,DoctorsET,2022-03-04 18:27:46+00:00,,
776,DoctorsET,2022-03-04 18:27:46+00:00,"рѕ░рѕъріЉріЋ рЅарЅ░рѕѕрІФрІ« рѕџрІ▓рІФрІјрЅй рѕІрІГ рЅа  рЅЂрѕўрЅх рѕерІЦрѕЮ рѕ░рІЇ рѕхріЊрІГ ріљрЅарѕГ 

рІХ/рѕГ рЅЃрѕЇріфрІ│ріЋ ріЦрІЇріљрЅхрѕЮ рѕерІЦрѕЮ ріљрІЇ рЅхрѕѕріЊрѕѕрЅй 
рѕхрѕѕрІџрѕЁ рїЅрІ│рІГ рѕ░рЇі рѕЏрЅЦрѕФрѕфрІФ рІГрІўріЋ рѕўрЅ░ріЊрѕЇ 

рІЏрѕг ріарѕГрЅЦ рѕЮрѕйрЅх 3:30  рЅа рЇІріЊ рЅ┤рѕїрЅфрІЦріЋ рІГрїарЅЦрЅЂріЋ !

рѕїрѕјрЅй рїЅрІ│рІ«рЅйріЋрѕЮ ріаріЋрѕхрЅ░ріЊрѕЇ ! ріеріЦрѕГрѕХ рѕџрїарЅарЅђрІЇ рЅа рЇІріЊ рЅ┤рѕїрЅфрІЦріЋ ріФрѕГрІх рѕ│рІФрІѕрїА ріЦрІерЅ░рІЮріЊріЉ рѕўрѕўрѕЇріерЅх рЅЦрЅ╗ !

рІерІХріГрЅ░рѕГрѕх рібрЅхрІ«рїхрІФ рѕхрЇќріЋрѕ░рѕ«рЅй
­ЪЉЄ­ЪЉЄ­ЪЉЄ­ЪЉЄ
рѕЃрІФрЅх рѕєрѕхрЇњрЅ│рѕЇ рѕюрІ▓ріФрѕЇ рі«рѕїрїЁ
рѕФрѕЏрІ│ ріарІ▓рѕх рѕєрЅ┤рѕЇ",
775,DoctorsET,2022-03-02 17:50:31+00:00,"рІерЅЦрІЎ рѕ░рІЇ рїЦрІФрЅё рІерѕєріљрІЇ рІерѕЏрѕЁрЇђріЋ рібріЋрЇїріГрѕйріЋ 
рѕўріЋрѕхріцрІЇ ріЦріЊ рѕЁріГрѕЮріЊрІЇріЋ рЅа рІХ/рѕГ рЅхрѕЇрЅЁ рѕ░рІЇ рЅа рІ«рЅ▓рІЇрЅЦ ріарѕЂріЋ рІГрѕўрѕЇріерЅ▒ 


­ЪЉЄ­ЪЉЄ­ЪЉЄ­ЪЉЄ­ЪЉЄ­ЪЉЄ­ЪЉЄ­ЪЉЄ­ЪЉЄ

https://youtu.be/zu6uh7UF4ZM",
774,DoctorsET,2022-02-25 18:57:34+00:00,"рІХ/рѕГ рЅхрѕЇрЅЁ рѕ░рІЇ рІ│ріЏрЅИрІЇ
рІерѕЏрѕЁрЇђріЋ ріЦріЊ рЇЁріЋрѕх рѕЁріГрѕЮріЊ рѕхрЇћрѕ╗рѕірѕхрЅх 

рЅа рѕЃрІФрЅх рѕєрѕхрЇњрЅ│рѕЇ рѕюрІ▓ріФрѕЇ рі«рѕїрїЁ 
+251116 -62-44-88
09 09 46 46 46",
773,DoctorsET,2022-02-25 17:46:07+00:00,,
772,DoctorsET,2022-02-25 17:46:07+00:00,,
771,DoctorsET,2022-02-25 17:46:07+00:00,,
770,DoctorsET,2022-02-25 17:46:07+00:00,,
769,DoctorsET,2022-02-25 17:46:07+00:00,,
768,DoctorsET,2022-02-25 17:46:07+00:00,,
767,DoctorsET,2022-02-25 17:46:07+00:00,,
766,DoctorsET,2022-02-25 17:46:06+00:00,"рІЏрѕг рѕЮрѕйрЅх 3:30 рЅа рЇІріЊ рЅ┤рѕїрЅфрІЦріЋ рІХріГрЅ░рѕГрѕх    рібрЅхрІ«рїхрІФ 

рІерЅЦрІЎ рѕ┤рЅХрЅй рїЦрІФрЅё рІерѕєріљрІЇ рІерѕЏрѕЁрЇђріЋ рібріЋрЇїріГрѕйріЋ рѕўріЋрѕхріцрІјрЅй 

рІерѕЏрѕЁрЇђріЋ рібріЋрЇїріГрѕйріЋ ріЦріЋрІ┤рЅх рІГріерѕ░рЅ│рѕЇ ? рѕйрЅ│ рѕірІФрѕўрїЦ рІГрЅйрѕІрѕЇ рІѕрІГ ? рІе рѕЏрѕЁрЇђріЋ рібріЋрЇїріГрѕйріЋ рЅЁрІхрѕў рѕЮрѕЇріГрЅХрЅйрѕх рѕЮріЋрІхріЋ ріЊрЅИрІЇ? 

**рЅа рІХ/рѕГ рЅхрѕЇрЅЁ рѕ░рІЇ рЅа рѕЃрІФрЅх рѕєрѕхрЇњрЅ│рѕЇ рІерѕЏрѕЁрЇђріЋріЊ рЇЁріЋрѕх рѕЁріГрѕЮріЊ рѕхрЇћрѕ╗рѕірѕхрЅх рѕЎрѕЅ рѕўрѕерїЃрІјрЅйріЋріЊ рІерѕЁріГрѕЮріЊ ріарѕЏрѕФрї«рЅйріЋ рІФрІхрѕЮрїАрЇб**

**рІерІХріГрЅ░рѕГрѕх рібрЅхрІ«рїхрІФ рІе рѕ│рѕЮріЋрЅ▒ ріЦріЋрїЇрІ│рЅйріЋ рІе рЅбрІЮріљрѕх ріарѕЏріФрѕфріЊ ріарѕхрЅ░рѕЏрѕф ріарЅХ рѕ«рЅцрѕЇ рѕхрѕѕ рѕЁрІГрІѕрЅх рѕЏрїБрЇѕрїФ рЅЁрѕўрѕърЅй **ріЦріЋрІ▓рѕЁ рІГрѕѕріЊрѕЇрЇб

рЅарЅ░рїерѕЏрѕфрѕЮ рѕЇрІ« рѕЇрІ« рЇЋрѕ«рїЇрѕФрѕърЅйріЋ рІѕрІ░ріЊріЋрЅ░ рІГрІўріЋ ріЦріЋрѕўрїБрѕѕріЋ рЇб

**ріФрѕГрІх рѕ│рІФрІѕрїА ріЦрЅцрЅхрІј рѕєріљрІЇ рІерѕЁріГрѕЮріЊ рѕўрѕерїЃрІјрЅйріЋ рІГріерЅ│рЅ░рѕІрѕЅ **

рІГрѕЁріЋ рЇЋрѕ«рїЇрѕФрѕЮ рѕхрЇќріЋрѕ░рѕГ рІФрІ░рѕерїЅрѕІрЅ╣ 

**рѕЃрІФрЅх рѕєрѕхрЇњрЅ│рѕЇ рѕюрІ▓ріФрѕЇ рі«рѕїрїЁ
рѕФрѕЏрІ│ ріарІ▓рѕх рѕєрЅ┤рѕЇ  **

**ріарІўрїІрїЁ ріЦріЊ ріарЅЁрѕФрЅб 

рІерѕўрЅБ рібріЋрЅ░рѕГрЅ┤рІГрѕўріЋрЅх**",
765,DoctorsET,2022-02-24 17:09:10+00:00,"рѕЎрѕЅ рЅфрІ▓рІ«рІЇріЋ рЅа рІ«рЅ▓рІЇрЅЦ рІГрѕўрѕЇріерЅ▒


рЅа рі«рѕїрѕхрЅхрѕ«рѕЇ рѕЮріГріЋрІФрЅх рІерѕџрѕўрїА рѕЁрѕўрѕърЅй ріЦрѕхріе рѕърЅх рІФрІ░рѕГрѕ│рѕЅ!

рЅЦрІЎ рЅЁрЅБрЅх рІФрѕѕрІЇ рѕЮрїЇрЅЦ рѕўрѕўрїѕрЅЦ ріЦріЊ ріЦріЋрЅЁрѕхрЅЃрѕ┤ ріарѕѕрѕЏрІхрѕерїЇ рѕѕ рі«рѕїрѕхрЅхрѕ«рѕЇ ріаріЋрІ▒ рѕЮріГріЋрІФрЅх ріљрІЇ!

рЅа рІўрѕГ рІГрЅ░рѕІрѕѕрЇІрѕЇ рІѕрІГ ?

ріЦріљрІџрѕЁ рѕўрїЦрЇј рі«рѕїрѕхрЅхрѕ«рѕјрЅй рѕўрїаріЊрЅИрІЇ рѕ▓рїерѕЮрѕГ рІ░рѕЮ рѕхрѕ«рЅ╗рЅйріЋ рІЇрѕхрїЦ рѕўрїІрїѕрѕГ рІГрїђрѕЮрѕФрѕЇ рЇб

**рІХ/рѕГ ріцрѕірІФрѕх ( рІерІЇрѕхрїЦ рІ░рІї рѕхрЇћрѕ╗рѕірѕхрЅх рѕЃріфрѕъ) рѕЏрїЇріўрЅх рѕЮрЇѕрѕЇрїЅ рѕЃрІФрЅх рѕєрѕхрЇњрЅ│рѕЇ рІўрІѕрЅхрѕГ рЅарѕхрѕФ рѕ░ріарЅх рѕЏрїЇріўрЅй рІГрЅйрѕІрѕЅ рЇб**
#YouTube
­ЪЉЄ­ЪЉЄ­ЪЉЄ­ЪЉЄ­ЪЉЄ­ЪЉЄ
https://youtu.be/zKZa46jfxao",
764,DoctorsET,2022-02-18 16:56:56+00:00,,
763,DoctorsET,2022-02-18 16:56:56+00:00,,
762,DoctorsET,2022-02-18 16:56:56+00:00,,
761,DoctorsET,2022-02-18 16:56:56+00:00,,
760,DoctorsET,2022-02-18 16:56:55+00:00,,
759,DoctorsET,2022-02-18 16:56:55+00:00,"рІЇрІх рІе рІХріГрЅ░рѕГрѕх рібрЅхрІ«рїхрІФ рЅцрЅ░рѕ░рЅдрЅй рІЏрѕгрѕЮ ріЦріЋрІ░рЅ░рѕѕрѕўрІ░рІЇ рЅа ріарѕхрЅ░рѕЏрѕф ріЦріЊ ріарІЮріЊріЮ рЇЋрѕ«рїЇрѕФрѕърЅ╗рЅйріЋ рІѕрІ░ ріЦріЊріЋрЅ░ рѕЮрѕйрЅх 3:30 рѕІрІГ рЅа рЇІріЊ рЅ┤рѕїрЅфрІЦріЋ ріЦріЋрЅђрѕГрЅБрѕѕріЋ рЇб

рІЏрѕгрѕЮ рЅа рѕЇрІ« рѕЇрІ« рЇЋрѕ«рїЇрѕФрѕърЅ╗рЅйріЋ ріеріЦріЊріЋрЅ░ рЅ░рѕўрѕЇріФрЅЙрЅ╗рЅйріЋ рІерЅ░рїарІерЅЂ рїЦрІФрЅёрІЇрЅйріЋ ріЦріЋрѕўрѕЇрѕ│рѕѕріЋ рЇб

**ріе 200 рЅарѕІрІГ рІерѕФрѕх рѕЮрЅ│рЅх рѕЁрѕўрѕЮ ріЦріЋрІ│рѕѕ рІФрЅЃрѕЅ** ­Ъцћ 

рІЏрѕг рѕЮрѕйрЅх рІХ/рѕГ ріцрѕірІФрѕх рѕ│рѕЎріцрѕЇ рЅа 
рѕЃрІФрЅх рѕєрѕхрЇњрЅ│рѕЇ рѕюрІ▓ріФрѕЇ рі«рѕїрїЁ рІе рІЇрѕхрїЦ рІ░рІї рѕхрЇћрѕ╗рѕірѕхрЅх рѕхрѕѕ рѕФрѕх рѕЮрЅ│рЅх рѕЁрѕўрѕЮ рѕўрѕЇрѕх рІГрѕ░рїаріЊрѕЇ рЇб

**рѕЮріЋ рІГрѕё рЅЦрЅ╗ рЅБрѕѕ рЅхрІ│рѕГ рѕєріљрІЇ рІхріЋрїѕрЅх рЅа рЅхрІ│рѕГ рІЇрѕхрїЦ рІе рЅБрѕЁрѕф рѕѕрІЇрїЦ ріЋрїГріЋрїГ­ЪўФ : ріЕрѕГрЇірІФ­Ъўћ рЅарЅ░рїерѕЏрѕфрѕЮ рѕхріЋрЇѕрЅ░ рІѕрѕ▓рЅЦ рІФрѕхріерЅхрѕІрѕЇ­ЪўЈ рЇб рѕЮріЋ рІГрѕєріЋ ?**

рѕїрѕјрЅйрѕЮ ріарѕхрЅ░рѕЏрѕфріЊ ріарІЮріЊріЮ рЇЋрѕ«рїЇрѕФрѕърЅ╗рЅйріЋ рІѕрІ░ ріЦріЊріЋрЅ░ рІЏрѕг ріарѕГрЅЦ рѕЮрѕйрЅх 3:30 рЅа рЇІріЊ рЅ┤рѕїрЅфрІЦріЋ рІГрІ░рѕГрѕ│рѕЅ рЇб

                   **рІХріГрЅ░рѕГрѕх рібрЅхрІ«рїхрІФ 
рЅБрѕЅрЅарЅх рЅдрЅ│ рѕєріљрІЇ ріФрѕГрІх рѕ│рІФрІѕрїА рІГрЅ│ріерѕЎ !**

**рІерІХріГрЅ░рѕГрѕх рібрЅхрІ«рїхрІФ рѕхрЇќріЋрѕ░рѕ«рЅй 

рѕЃрІФрЅх рѕєрѕхрЇњрЅ│рѕЇ рѕюрІ▓ріФрѕЇ рі«рѕїрїЁ
рѕФрѕЏрІ│ ріарІ▓рѕх рѕєрЅ┤рѕЇ**",
758,DoctorsET,2022-02-17 17:29:28+00:00,"рі«рѕїрѕхрЅхрѕ«рѕЇ рѕЁрѕўрѕЮ ріљрІЇ рІѕрІГ?

рі«рѕїрѕхрЅхрѕ«рѕЇ рІерѕџрЅБрѕЇ рѕЁрѕўрѕЮ рІерѕѕрѕЮ !

рѕЂрѕЅрѕЮ рѕ░рІЇ рі«рѕїрѕхрЅхрѕ«рѕЇ ріарѕѕрІЇ ::

рЅ│рІхрІФ рі«рѕїрѕхрЅхрѕ«рѕЇ ріарѕѕрЅЦрѕЁ/рѕй рІГрЅБрѕІрѕЇ ?

ріарѕЂріЉріЉ рІГрѕўрѕЇріерЅ▒! рІХ/рѕГ ріцрѕірІФрѕх рѕ│рѕЎріцрѕЇ рЅа рѕЃрІФрЅх рѕєрѕхрЇњрЅ│рѕЇ рІерІЇрѕхрїЦ рІ░рІї рѕхрЇћрѕ╗рѕірѕхрЅх рѕЃріфрѕЮ рѕхрѕѕ рі«рѕїрѕхрЅхрѕ«рѕЇ ріЦріЋрІ▓рѕЁ рІГрѕѕріЊрѕЇ 

ріарѕЂріЉріЉ рІГрѕўрѕЇріерЅ▒
­ЪЉЄ­ЪЉЄ­ЪЉЄ­ЪЉЄ­ЪЉЄ­ЪЉЄ­ЪЉЄ

https://youtu.be/jF3KMQ_JHws",
757,DoctorsET,2022-02-11 18:39:23+00:00,"рІѕріЋрІХрЅй рѕІрІГ рІе рїАрЅх рѕўрЅ░рѕѕрЅЁ рѕўріЋрѕхріцрІјрЅй 

рІѕріЋрІХрЅй ріЦріЋрІ░ рѕ┤рЅх рїАрЅх рѕіріќрѕФрЅИрІЇ рІГрЅйрѕІрѕЇ 

рѕЁріГрѕЮріЊ рїЇріЋ ріарѕѕрІЇ 
­ЪЉЄ­ЪЉЄ­ЪЉЄ­ЪЉЄ­ЪЉЄ­ЪЉЄ
https://youtu.be/0rHKMMOrfSw",
756,DoctorsET,2022-02-11 17:23:23+00:00,,
755,DoctorsET,2022-02-11 17:23:23+00:00,,
754,DoctorsET,2022-02-11 17:23:23+00:00,,
753,DoctorsET,2022-02-11 17:23:23+00:00,"рІЏрѕг ріарѕГрЅЦ рѕЮрѕйрЅх 3:30 рЅа рЇІріЊ рЅ┤рѕїрЅфрІЦріЋ 

**рІерІѕріЋрІх рѕЇрїЁ рїАрЅх ріЦріЋрІ░рѕ┤рЅх рѕірІФрІхрїЇ ріЦріЋрІ░рѕџрЅйрѕЇ рІФрЅЃрѕЅ ??**

рІГрѕЁ ріљрїѕрѕГ ріФрїІрїарѕъ ріарІФрѕ│рѕхрЅд рѕЁріГрѕЮріЊ ріарѕѕрІЇ ! рІЏрѕг рѕЮрѕйрЅх рЅа рЇІріЊ рЅ┤рѕїрЅфрІЦріЋ рІГрїарЅЦрЅЂріЋ рЇб

**рІХ/рѕГ рїёріљрЅх рЅа рѕЃрІФрЅх рѕєрѕхрЇњрЅ│рѕЇ рІерїЦрѕГрѕх рѕЃріфрѕЮ рІерїЦрѕГрѕх рѕЁрѕўрѕЮріЋ рѕірІФрѕўрїА рІерѕџрЅйрѕЅ рѕїрѕјрЅй рІерѕЁрѕўрѕЮ ріарІГріљрЅХрЅйріЋ ріЦріЋрІ▓рѕЁ рЅхрѕѕріЊрѕѕрЅй 
**
рІе рїерїЊрѕФ рѕЁрѕўрѕЮ рїЦрѕГрѕиріЋ рѕірІФрѕ│рѕЮрѕЮ ріЦріЋрІ░рѕџрЅйрѕЇ рІФрЅЃрѕЅ ? рІерѕхрі│рѕГ рѕЁрѕўрѕЮрѕх ? рІЏрѕг рѕЮрѕйрЅх рѕўрѕЇрѕ▒ріЋ рІГрїарЅЦрЅЂріЋрЇб

рІерІХріГрЅ░рѕГрѕх рібрЅхрІ«рїхрІФ рѕхрЇќріЋрѕ░рѕ«рЅй 

**рѕЃрІФрЅх рѕюрІ▓ріФрѕЇ рѕєрѕхрЇњрЅ│рѕЇ 
рѕФрѕЏрІ│ ріарІ▓рѕх рѕєрЅ┤рѕЇ**",
752,DoctorsET,2022-02-08 18:21:30+00:00,,
751,DoctorsET,2022-02-08 18:20:57+00:00,"рІеріЦрѕГрІ│рЅ│ рїЦрѕф 

рЅ│рІ│рїі ріцрѕЇрѕ«ріб ріарЅЦрѕГрѕЃрѕЮ рѕЂрѕЅрЅ▒рѕЮ ріЕрѕІрѕірЅХрЅ╣ рѕўрѕхрѕФрЅх ріарЅЂрѕўрІІрѕЇ ріарѕЂріЋ рѕІрІГ рІ▓рІФрѕірѕ▓рѕх ріЦрІФрІ░рѕерїѕ рѕ▓рѕєріЋ рЇб

рѕѕ ріЋрЅЁрѕѕ рЅ░ріерѕІ рІѕрѕерЇІ ріЦрІерїарЅарЅђ рІГрїѕріЏрѕЇ рІГрѕЁ рЅ│рІ│рїі рІе 18 ріарѕўрЅх рЅ│рІ│рїі  рѕЇрїЁ рѕ▓рѕєріЋ рЅа рІХріГрЅ░рѕГрѕх рібрЅхрІ«рїхрІФ рЇЋрѕ«рїЇрѕФрѕЮ рѕІрІГ ріерЅ░рїІрЅарІЎ ріЦріЋрїЇрІХрЅ╗рЅйріЋ рЅарїБрѕЮ рїаріЋріФрѕФ рѕѕрЅЦрІЎрІјрЅй ріарѕГріарІФ рІерѕєріљ рѕЇрїЁ ріљрІЇрЇб

рЅарѕџрЅйрѕЅрЅх ріарЅЁрѕЮ рѕўрѕГрІ│рЅх рІГрЅйрѕІрѕЅ

09 11 41 80 15 
09 23 80 68 99

ріерѕІрІГ рЅБрѕЅрЅх рЅЂрїЦрѕ«рЅй рЅарѕўрІ░рІѕрѕЇ рѕЏрїЇріўрЅх рІГрЅйрѕІрѕЅ 

рѕЎрѕЅ рЅфрІ▓рІ«рІЇріЋ рЅа рІ«рЅ▓рІЇрЅЦ рІГрѕўрѕЇріерЅ▒ 
­ЪЉЄ­ЪЉЄ­ЪЉЄ­ЪЉЄ­ЪЉЄ­ЪЉЄ­ЪЉЄ­ЪЉЄ­ЪЉЄ­ЪЉЄ­ЪЉЄ­ЪЉЄ

https://youtu.be/4ykXRRfaj4g",
750,DoctorsET,2022-02-05 04:59:06+00:00,"рІеріФріЋрѕ░рѕГ рЅ░рїІрѕІрїГріљрЅхріЋ рѕѕрѕўрЅђріљрѕх ріерѕІрІГ рЅарѕЮрѕхрѕЅ рѕІрІГ рІФрѕѕрІЇріЋ рІГрЅ░рїЇрЅЦрѕЕ::

рѕ╝рѕГ рІФрІхрѕГрїЅ !",
97,Chemed123,2023-02-10 12:23:06+00:00,"Рџа№ИЈ**Notice!
**Dear esteemed customers,
Due to four-day motorbike movement restrictions, we have limited our services to matchmaking,drug information, and medical consultation only.

**N.B. 
**­ЪћЁWe will make deliveries for those for whom the medications are urgent.
­ЪћЁYou can book deliveries starting from Monday, February 13, 2023",downloaded_images\Chemed123_97.jpg
96,Chemed123,2023-02-02 08:58:52+00:00,"Mela-One рЅарІЇрѕхрїА рѕєрѕГрѕъріЋ рІФрѕѕрІЇ рІхріЋрїѕрЅ░ріЏ рІѕрѕірІх рѕўрЅєрїБрїарѕГрІФ рѕ▓рѕєріЋ рІФрѕѕрѕўріерѕІріерІФ рІерЅ░рІ░рѕерїѕ рІерїЇрЅЦрѕерѕхрїІ рїЇріЋріЎріљрЅх рѕ▓ріќрѕГ рЅа72 рѕ░рІЊрЅ│рЅх рІѕрѕхрїЦ рѕўрІѕрѕ░рІх рІГріќрѕГрЅарЅ│рѕЇрЇб

­ЪЊїріеChe-Med рѕѕрѕЏрІўрІЮрЇА 
рЅарЅ┤рѕїрїЇрѕФрѕЮ рїЇрѕЕрЇЊрЅйріЋ- t.me/CheMeds
рІїрЅЦрѕ│рІГрЅх- www.chemeds.org
рІГрІўрІЎріЋрЇб",downloaded_images\Chemed123_96.jpg
95,Chemed123,2023-02-01 08:59:37+00:00,"**ріарІџрЅхрѕ«рѕЏрІГрѕ▓ріЋ** рЅарѕЃріфрѕЮ рѕўрІхрѕЃріњрЅх рѕЏрІўрІБ ріерѕџрЅ│рІўрІЎ ріаріЋрЅ▓рЅБрІ«рЅ▓рі«рЅй ріаріЋрІ▒ рѕ▓рѕєріЋ рЅарѕГріерЅх рІФрѕЅ рЅБріГрЅ┤рѕГрІФрІјрЅйріЋ рІГрїѕрѕІрѕЇрЇб

рЅарЅђріЋ ріаріЋрІ┤ рѕѕ3 рЅђріЊрЅх рѕЮрїЇрЅЦ ріерѕўрЅЦрѕІрЅ│рЅйріЋ 1 рѕ░рІЊрЅх рЅђрІ░рѕЮ рЅЦрѕј рІѕрІГріЋрѕЮ ріерЅарѕІріЋ ріе 2 рѕ░рІЊрЅх рЅаріІрѕІ рѕўрІѕрѕ░рІх рІГріќрѕГрЅарЅ│рѕЇрЇб

­ЪЊїрІерѕЃріфрѕЮ рѕЏрІўрІБ ріФрѕЇрІјрЅх 
рЅарЅ┤рѕїрїЇрѕФрѕЮ рїЇрѕЕрЇЊрЅйріЋ-t.me/CheMeds
рІїрЅЦрѕ│рІГрЅх- www.chemeds.org
рІГрѕІріЕрѕЇріЋрЇб",downloaded_images\Chemed123_95.jpg
94,Chemed123,2023-01-31 09:19:53+00:00,"**Che-Med Trivia #3

**рѕЮрїЇрЅЦріЊ рѕўрїарїдрЅй ріаріЋрІ│ріЋрІх рѕўрІхрѕЃріњрЅХрЅй рЅарІ░ріЋрЅЦ ріЦріЋрІ│рІГрѕ░рѕЕ рѕірІФрІ░рѕГрїЅ рІГрЅйрѕІрѕЅрЇб рЅарІџрѕЁ рѕЂріћрЅ│ ріЦріљрІџрѕЁріЋ рѕўрІхрѕЃріњрЅХрЅй рѕЮрїЇрЅЦ ріерІѕрѕ░рІхріЋ ріе1 рѕ░рІЊрЅх ріЦрѕхріе 2 рѕ░рІЊрЅх рЅБрѕѕ рїірІю рІЇрѕхрїЦ рѕўрІЇрѕ░рІх рІФрѕхрЇѕрѕЇрїЇрІјрЅ│рѕЇрЇб

ріеріљрІџрѕЁрѕЮ рІѕрѕхрїЦ **рІеріЦріЋрЅЁрѕГрЅх рѕўрІхрѕЃріњрЅХрЅйрЇБOmeprazoleрЇБSildenafil(Viagra)рЇБCaptopril ріЦріЊ Ampicillin** рІГрїарЅђрѕ│рѕЅрЇб

рѕўрІхрѕЃріњрЅхрІј ріерѕЮрїЇрЅЦ рїІрѕГ рІФрѕѕрІЇріЋ ріарІѕрѕ│рѕ░рІх ріЦрѕГрїЇрїаріЏ ріФрѕЇрѕєріЉ рѕЃріфрѕЮрІјріЋ рІѕрІГрѕЮ рЇІрѕГрѕЏрѕ▓рѕхрЅхрІјріЋ рІФрѕЏріГрѕЕрЇб",downloaded_images\Chemed123_94.jpg
93,Chemed123,2023-01-30 09:45:25+00:00,"**Che-Med Trivia #2

**ріЦріЋрІ░ Ciprofloxacin, Doxycycline, Levothyroxine, Iron supplement рІФрѕЅ рѕўрІхрѕЃріњрЅХрЅйріЋ ріерІѕрЅ░рЅх ріЦріЊ ріерІѕрЅ░рЅх рЅ░рІІрЇЁрІќрІјрЅй рїІрѕГ ріЦріЋрІ▓рѕЂрѕЮ ріеріЦріЋрЅЂрѕІрѕЇ рїІрѕГ рѕўрІЇрѕ░рІх рѕўрІхрѕЃріњрЅХрЅ╣ рЅарѕ░рІЇріљрЅ│рЅйріЋ рІерѕџрЇѕрѕѕрїѕрІЇріЋ рѕхрѕФ ріЦріЋрІ│рІГрѕ░рѕЕ рІФрІ░рѕГрїІрЅИрІІрѕЇрЇб

рІГрѕЁрѕЮ рЅарІѕрЅ░рЅх рЅ░рІІрїйрідрІјрЅй рІЇрѕхрїЦ рІФрѕѕрІЇ ріФрѕЇрѕ▓рІерѕЮ ріЦріљрІџрѕЁ рѕўрІхрѕЃріњрЅХрЅй рЅарѕ░рІЇрЅ│рЅйріЋ рІѕрѕхрїЦ ріЦріЋрІ│рІГрІІрѕЁрІ▒ рїБрѕЇрЅЃ рѕхрѕѕрѕџрїѕрЅБ ріљрІЇрЇб",downloaded_images\Chemed123_93.jpg
92,Chemed123,2023-01-27 07:18:40+00:00,"**You can get our services at:
**Our pharmacist:** ****https://t.me/CheMedAssistant9798****
**Our call center: **9798
**Our website: **www.chemeds.org**",downloaded_images\Chemed123_92.jpg
91,Chemed123,2023-01-26 18:27:53+00:00,"**Che-Med Trivia #1
**The U.S. pharmaceutical industry is the largest in the world, making up about 40% of the worldwide drug development, manufacturing, and revenue generation. And half of the worldРђЎs top 10 pharmaceutical companies are in America, including the headquarters for Johnson & Johnson, Pfizer, Merck and Co., AbbVie, Eli Lilly and Co., and Abbott Laboratories. In fact, Johnson & JohnsonРђЎs revenue alone reached $82.6 billion in 2020.",downloaded_images\Chemed123_91.jpg
90,Chemed123,2023-01-23 10:39:20+00:00,"**CVS Daytime & Nighttime Cold and Flu Relief

**рѕѕрѕ░рѕъріЉ рїЅріЋрЇІріЋ рѕЏрѕхрЅ│рїѕрѕ╗ рЅаріаріЋрІ░ріЮріљрЅх рЅ░рѕўрѕФрїГ рІерѕєріљрІЇріЋ **CVS Daytime & Nighttime Cold and Flu Relief** Che-Med рІГрІърѕІрЅйрѕЂ рѕўрїДрѕЇрЇб

рЅарЅЂрїЦрѕГ рІЇрѕхріЋ рѕхрѕѕрѕєріЉ рЅђрІхрѕўрІЇ рІГрІўрІЎріЋрЇб

рѕѕрѕЏрІўрІЮрЇд
Our pharmacist:** ****https://t.me/CheMedAssistant9798****
**Our call center: **9798
**Our website: www.chemeds.org

Che-Med is the best way to find your meds!",downloaded_images\Chemed123_90.jpg
89,Chemed123,2023-01-17 19:10:57+00:00,"­ЪЪарѕѕріЊріЋрЅ░ рѕѕрІ░рѕЮрЅаріърЅ╗рЅйріЋ рІГрѕєріЊрѕЅ рІФрѕЇріЊрЅИрІЅріЋ рѕЮрѕГрїЦ рЅФрІГрЅ│рѕџріЋріЊ рѕ░рЇЋрѕЇрѕўріЋрЅХрЅй ріЦріљрѕє!!

ріарїГрѕГ рІеTiktok рЅфрІ▓рІ«ріарЅйріЋріЋ рЅарѕўрѕўрѕЇріерЅх рїЇріЋрІЏрЅцрІјріЋ рІГрїерѕЮрѕЕрЇб
­ЪЉЄ­ЪЉЄ­ЪЉЄ­ЪЉЄ­ЪЉЄ­ЪЉЄ­ЪЉЄ­ЪЉЄ­ЪЉЄ­ЪЉЄ­ЪЉЄ­ЪЉЄ­ЪЉЄ
https://vm.tiktok.com/ZMYJHUVde/

рІеTiktok рЅ╗ріЊрѕІрЅйріЋріЋ Like ріЦріЊ Follow рІФрІхрѕГрїЅрЇб",
88,Chemed123,2023-01-17 08:43:12+00:00,"­Ъїъ**Sundown Cinnamon!
Supports sugar metabolism**.

Che-Med **Sundown Cinnamon** **Supplement Product** рІГрІърѕІрЅйрѕЂ рѕўрїДрѕЇрЇб

рЅарЅЂрїЦрѕГ рІЇрѕхріЋ рѕхрѕѕрѕєріЉ рЅђрІхрѕўрІЇ рІГрІўрІЎріЋрЇб

рѕѕрѕЏрІўрІЮрЇд
Our pharmacist:** ****https://t.me/CheMedAssistant9798****
**Our call center: **9798

**Che-Med is the best way to find your meds!",downloaded_images\Chemed123_88.jpg
87,Chemed123,2023-01-16 13:41:35+00:00,"**­ЪЊ╗Che-Med** held fruit-bearing discussion at **рѕ│рІГрЅарѕГріЏ** radio program on Fana 98.1FM about digital health care and privacy and security of E-commerce.

We discussed in details current trends in digital healthcare, It's benefits, challenges, and opportunities.

You can listen to us at 08:00PM tonight and increase your understanding about the current activities of digital health care and its future.

Che-Med",downloaded_images\Chemed123_87.jpg
86,Chemed123,2023-01-16 10:13:42+00:00,"­Ъћх**Get GOFEN from Che-Med!

**Our pharmacist:** ****https://t.me/CheMedAssistant9798****
**Our call center: **9798
**Website: **www.chemeds.org****

**Che-Med the best way to find your meds!",downloaded_images\Chemed123_86.jpg
85,Chemed123,2023-01-16 09:26:09+00:00,"Рџа№ИЈ**Notice!
**Dear esteemed customers,
Due to four-days motorbike movement restrictions, we have limited our services to matchmaking,drug information and medical consultation only.

**N.B. 
**­ЪћЁWe will make deliveries for whom the medications are urgent.
­ЪћЁYou can book deliveries starting from Friday, Jan 20.",downloaded_images\Chemed123_85.jpg
82,Chemed123,2023-01-13 12:48:47+00:00,"**Nature's Bounty Supplement Products** **are here!

**Che-Med **Nature's Bounty Supplement Products** рІГрІърѕІрЅйрѕЂ рѕўрїДрѕЇрЇб

рЅарЅЂрїЦрѕГ рІЇрѕхріЋ рѕхрѕѕрѕєріЉ рЅђрІхрѕўрІЇ рІГрІўрІЎріЋрЇб

рѕѕрѕЏрІўрІЮрЇд
Our pharmacist:** ****https://t.me/CheMedAssistant9798****
**Our call center: **9798

**Che-Med the best way to find your meds!",downloaded_images\Chemed123_82.jpg
81,Chemed123,2023-01-13 09:44:14+00:00,"**Nature's Bounty Supplement Products** **are here!

**Che-Med **Nature's Bounty Supplement Products** рІГрІърѕІрЅйрѕЂ рѕўрїДрѕЇрЇб

рЅарЅЂрїЦрѕГ рІЇрѕхріЋ рѕхрѕѕрѕєріЉ рЅђрІхрѕўрІЇ рІГрІўрІЎріЋрЇб

рѕѕрѕЏрІўрІЮрЇд
Our pharmacist:** ****https://t.me/CheMedAssistant9798****
**Our call center: **9798

**Che-Med the best way to find your meds!",downloaded_images\Chemed123_81.jpg
80,Chemed123,2023-01-06 16:06:21+00:00,"**рѕхрѕѕ Nature Made Vitamin supplement** tiktok рѕІрІГ ріЦріЋріЋрїѕрѕГрІјрЇб

рѕѕрѕЏрІерЅхрЇА https://vm.tiktok.com/ZMFw4DarV/

рЅарЅЂрїЦрѕГ рІЇрѕхріЋ рѕхрѕѕрѕєріЉ рЅђрІхрѕўрІЇ рІГрІўрІЎріЋрЇб

рѕѕрѕЏрІўрІЮрЇд
Our pharmacist:** **https://t.me/CheMedAssistant9798**
**Our call center: **9798

**Follow our channel and stay tuned
https://t.me/CheMeds

Che-Med the best way to find your meds!",downloaded_images\Chemed123_80.jpg
79,Chemed123,2023-01-06 09:31:17+00:00,"­ЪјёChe-Med рѕѕрѕўрѕІрІЇ ріГрѕГрѕхрЅхрІФріЋ рЅцрЅ░рѕ░рЅдрЅ╗рЅйріЋ рѕўрѕЇріФрѕЮ рІерїѕріЊ рЅарІЊрѕЇ ріЦріЋрІ▓рѕєріЋрѕЇрІј рІГрѕўріЏрѕЇрЇб

рѕўрѕЇріФрѕЮ рЅарІЊрѕЇ!!",downloaded_images\Chemed123_79.jpg
78,Chemed123,2023-01-06 06:05:01+00:00,,downloaded_images\Chemed123_78.jpg
77,Chemed123,2023-01-04 05:58:02+00:00,"**Nature Made Vitamin supplements

**Che-Med рЅарІ░рѕЮрЅаріърЅ╗рЅйріЋ рЇЇрѕІрїјрЅх рѕўрѕ░рѕерЅх Nature made vitamin supplement рІГрІърѕІрЅйрѕЂ рѕўрїДрѕЇрЇб

рЅарЅЂрїЦрѕГ рІЇрѕхріЋ рѕхрѕѕрѕєріЉ рЅђрІхрѕўрІЇ рІГрІўрІЎріЋрЇб

рѕѕрѕЏрІўрІЮрЇд
Our pharmacist:** ****https://t.me/CheMedAssistant9798****
**Our call center: **9798

**Follow our channel and stay tuned
https://t.me/CheMeds

Che-Med the best way to find your meds!",downloaded_images\Chemed123_77.jpg
76,Chemed123,2023-01-03 17:49:48+00:00,"рЅаwww.chemeds.org рѕўрІхрѕЃріњрЅхрІјріЋ рІерѕџрІФрІЎрЅарЅхріЋ рѕўріЋрїѕрІх рІерѕџрІФрѕ│рІГ tiktok рЅфрІ▓рІ«рЇб

­ЪЉЄ­ЪЉЄ­ЪЉЄ­ЪЉЄ­ЪЉЄ­ЪЉЄ­ЪЉЄ­ЪЉЄ­ЪЉЄ­ЪЉЄ­ЪЉЄ
https://vm.tiktok.com/ZMFTkBoWk/",downloaded_images\Chemed123_76.jpg
75,Chemed123,2023-01-03 05:48:34+00:00,РюерЅаChe-Med рІерїЦрѕф рѕЏрІЋріерѕЇ 9798 рѕІрІГ рІ░рІЇрѕѕрІЇ  рЅарѕўрѕўрІЮрїѕрЅЦ рЅарІерІѕрѕЕ рІерѕџрІФрѕхрЇѕрѕЇрїЇрІјрЅхріЋ рібріЋрѕ▒рѕіріЋ рЅцрЅхрІј рЅарѕГ рІхрѕерѕх рІФрѕхрѕўрїАрЇб,downloaded_images\Chemed123_75.jpg
74,Chemed123,2023-01-02 07:02:55+00:00,,downloaded_images\Chemed123_74.jpg
73,Chemed123,2023-01-02 06:58:48+00:00,,
71,Chemed123,2022-12-30 15:45:35+00:00,"Che-Med at Smart city symposium, National science museum.
 
Like share and subscribe our tiktok vlog.
­ЪЉЄ­ЪЉЄ­ЪЉЄ­ЪЉЄ­ЪЉЄ­ЪЉЄ­ЪЉЄ­ЪЉЄ­ЪЉЄ­ЪЉЄ­ЪЉЄ­ЪЉЄ­ЪЉЄ
https://vm.tiktok.com/ZMFcHq5Xk/",downloaded_images\Chemed123_71.jpg
70,Chemed123,2022-12-28 17:02:08+00:00,"Buy you Power Plus supplement from Che-Med.

For more information please watch our tiktok video by pressing the link below.
­ЪЉЄ­ЪЉЄ­ЪЉЄ­ЪЉЄ­ЪЉЄ­ЪЉЄ­ЪЉЄ­ЪЉЄ­ЪЉЄ­ЪЉЄ­ЪЉЄ­ЪЉЄ­ЪЉЄ
https://vm.tiktok.com/ZMFv4PRtp/",downloaded_images\Chemed123_70.jpg
67,Chemed123,2022-12-28 06:31:50+00:00,"Order your **Power plus Vitamin and mineral supplement** from Che-Med.

**Call center:** 9798
**Website**: www.chemeds.org",downloaded_images\Chemed123_67.jpg
64,Chemed123,2022-12-27 17:06:32+00:00,"Che-Med

РюеChe-Med рІерѕўрІхрѕђріњрЅхріЊ рІерѕЁріГрѕЮріЊ ріЦрЅЃрІјрЅй  ріарЇІрѕІрїі ріЦріЊ ріарЅЁрѕФрЅб рІхрѕГрїЁрЅх ріљрІЇрЇАрЇА ріе100 рЅарѕІрІГ ріарїІрѕГ рЇІрѕГрѕЏрѕ▓рІјрЅй рїІрѕГ рЅарѕўрЅ░рЅБрЅарѕГ рѕўрІхрѕђріњрЅХрЅйріЋ ріеріарїІрѕГ рЇІрѕГрѕЏрѕ▓рІјрЅй рѕЏрѕ░рЅБрѕ░рЅЦ (Pharmaceutical product aggregation), рѕўрІхрѕђріњрЅх рЇѕрѕЇрїј рѕЏрїЇріўрЅх(Matchmaking), ріЦріЊ рІ░ріЋрЅаріърЅй рІерЇѕрѕѕрїЅрЅх рЅдрЅ│ рѕўрІхрѕђріњрЅх/рІерѕЁріГрѕЮріЊ ріЦрЅЃрІјрЅйріЋ рѕЏрІхрѕерѕх (Delivery) ріарїѕрѕЇрїЇрѕјрЅХрЅйріЋ рЅарЅ┤ріГріќрѕјрїѓ рЅарѕўрЅ│рїѕрІЮ рІГрѕ░рїБрѕЇрЇАрЇА  

РюерІ░ріЋрЅаріърЅй рЅарІїрЅЦрѕ│рІГрЅ│рЅйріЋ www.chemeds.org  рІѕрІГріЋрѕЮ рЅарїЦрѕф рѕЏрІЋріерѕІрЅйріЋ 9798 рЅарѕўрІ░рІѕрѕЇ рѕхрѕѕрѕўрІхрѕЃріњрЅх рѕўрѕерїЃ рѕЏрїЇріўрЅх рІГрЅйрѕІрѕЅрЇц рѕўрІхрѕЃріњрЅх рѕЏрІўрІЮ рІГрЅйрѕІрѕЅ ріаріЋрІ▓рѕЂрѕЮ рѕхрѕѕрїцріЊрЅИрІЇ ріарїарЅЃрѕІрІГ рІерѕЏрѕЏріерѕГ ріарїѕрѕЇрїЇрѕјрЅх рІФрїѕріЏрѕЅрЇАрЇА

РюерІѕрІ░ рЅ┤рѕїрїЇрѕФрѕЮ рїЇрѕЕрЇЊрЅйріЋ рѕѕрѕўрЅђрѕІрЅђрѕЇ ріерЅ│рЅй рІФрѕѕрІЇріЋ рѕіріЋріГ рІГрїФріЉрЇб",downloaded_images\Chemed123_64.jpg
62,Chemed123,2022-12-25 15:46:05+00:00,"­ЪњЦрІерѕЮрѕхрѕФрЅй ріеChe-Med

рЇбрЇбрЇбрЇбрЇбрЇбChe-Med ріарѕхрЅ│рІІрѕйрЇбрЇбрЇбрЇбрЇбрЇб

Che-Med ріарѕхрЅ│рІІрѕй рѕѕрѕерїЁрѕЮ рїірІю рІерѕџрІѕрѕхрІ▒рЅхріЋ ріЦріЋрІ░ рІерІ░рѕЮ рїЇрЇірЅхріЊ рѕхрі│рѕГ рѕЁрѕўрѕЮ рѕўрІхрѕђріњрЅХрЅй рЅарІерѕ│рѕЮріЋрЅхрЇБ рЅарІерІѕрѕЕ ріЦріЋрІ▓рѕЂрѕЮ рЅарЇѕрѕѕрїЅрЅх рїірІю ріарѕхрЅ│рІЇрѕХ рЅарѕГрІј рІхрѕерѕх рІФрѕўрїБрѕЇрЇб

ріерЅ│рЅй рІФрѕѕрІЇріЋ рІеTikTok рѕіріЋріГ рЅарѕўрїФріЋ рѕхрѕѕріарїѕрѕЇрїЇрѕјрЅ│рЅйріЋ рІГрІѕрЅЂрЇб

­ЪЉЄ­ЪЉЄ­ЪЉЄ­ЪЉЄ­ЪЉЄ­ЪЉЄ­ЪЉЄ­ЪЉЄ­ЪЉЄ­ЪЉЄ­ЪЉЄ
https://vm.tiktok.com/ZMF7kJA7F/",
60,Chemed123,2022-12-23 06:26:15+00:00,"**рЅђрїарѕ« рІФрѕхрІГрІЎ!
**рЅа рїЦрѕф рѕЏрІЋріерѕІрЅйріЋ **9798** рЅарѕўрІ░рІѕрѕЇ рІерІЋріЋрЅЁрѕГрЅх рѕЁрѕўрѕЮ рѕўрЅєрїБрїарѕГрІФ рѕўрІхрѕЃріњрЅх рЅарІерІѕрѕЕ рѕѕрѕЏрѕхрѕўрїБрЅх Che-Med рѕІрІГ рІГрѕўрІЮрїѕрЅАрЇб ріЦріЏ рІѕрѕЕріЋ рїарЅЦрЅђріЋ рѕўрІхрѕЃріњрЅхрІјріЋ рЅарѕГрІј рІхрѕерѕх ріЦріЊрІ░рѕГрѕ│рѕѕріЋрЇб

Che-Med is the best way to find your meds!

*********
Follow our telegram channel
https://t.me/CheMed123
­ЪЉє­ЪЉє­ЪЉє­ЪЉє­ЪЉє­ЪЉє­ЪЉє­ЪЉє­ЪЉє",downloaded_images\Chemed123_60.jpg
59,Chemed123,2022-12-22 06:40:25+00:00,"рЅђрїарѕ« рІФрѕхрІГрІЎ!
рЅа рїЦрѕф рѕЏрІЋріерѕІрЅйріЋ **9798** рЅарѕўрІ░рІѕрѕЇ рІерїЇрЇірЅх рѕўрІхрѕЃріњрЅхрІјріЋ рЅарІерІѕрѕЕ рѕѕрѕЏрѕхрѕўрїБрЅх Che-Med рѕІрІГ рІГрѕўрІЮрїѕрЅАрЇб ріЦріЏ рІѕрѕЕріЋ рїарЅЦрЅђріЋ рѕўрІхрѕЃріњрЅхрІјріЋ рЅарѕГрІј рІхрѕерѕх ріЦріЊрІ░рѕГрѕ│рѕѕріЋрЇб

Che-Med is the best way to find your meds!

*********
Follow our telegram channel
https://t.me/CheMed123
­ЪЉє­ЪЉє­ЪЉє­ЪЉє­ЪЉє­ЪЉє­ЪЉє­ЪЉє­ЪЉє",downloaded_images\Chemed123_59.jpg
58,Chemed123,2022-12-22 03:11:26+00:00,"www.chemeds.org рѕўрІхрѕђріњрЅхрІјріЋ рѕѕрѕЏрїЇріўрЅх рІўрѕўріЊрІірІЇ рѕўріЋрїѕрІх ріљрІЇрЇАрЇА рЅарІхрѕерїѕрї╗рЅйріЋ ріарѕЏріФріЮріљрЅх рѕўрІхріЃріњрЅхрІјріЋ ріерЇѕрѕѕрїЅрЅх рЅдрЅ│ рІГрІўрІЎ рІФрѕЅрЅарЅх рЅдрЅ│ рѕўрІхрѕЃріњрЅхрІјріЋ ріЦріЊрІ░рѕГрѕхрѕЇрІјрЅ│рѕѕріЋрЇАрЇА

рЅарЅ░рїерѕЏрѕфрѕЮ рЅарїЦрѕф рѕЏрІЋріерѕІрЅйріЋ **9798** рЅарѕўрІ░рІѕрѕЇ рѕхрѕѕрѕўрІхрѕЃріњрЅх рѕўрѕерїЃ рІГрїарІГрЅЂрЇц рѕўрІхрѕЃріњрЅх рІГрІўрІЎ┬а рѕхрѕѕрїцріЊрІј рЅарѕљріфрѕърЅй рІерЅ│рїѕрІў рІерѕЏрѕЏріерѕГ ріарїѕрѕЇрїЇрѕјрЅх рІФрїЇріЎрЇАрЇА",downloaded_images\Chemed123_58.jpg
57,Chemed123,2022-12-21 15:13:27+00:00,"Please follow our tiktok channel
https://vm.tiktok.com/ZMFnaVcq2/",
56,Chemed123,2022-12-20 17:25:05+00:00,,downloaded_images\Chemed123_56.jpg
55,Chemed123,2022-12-20 11:28:59+00:00,"Order **Scotts** for your children from Che-Med. We will bring to you within 30 minutes.

For additional info:
                     Call us at_**9798**",downloaded_images\Chemed123_55.jpg
53,Chemed123,2022-12-20 07:41:33+00:00,,downloaded_images\Chemed123_53.jpg
52,Chemed123,2022-12-16 12:21:01+00:00,"**The First pharmacy in Addis Ababa

**In the early 20th century, Paul Merab (real name, Petre Merabishvili) was the personal physician of Emperor Menelik II and opened the very first pharmacy in Addis. He was born in 1876 in Ude, South Georgia in a Roman Catholic community.

In 1910 Paul Merab founded the first pharmacy in Addis Ababa which he called Pharmacies de la Georgie (after the country of his birth).",downloaded_images\Chemed123_52.jpg
51,Chemed123,2022-12-15 06:16:41+00:00,"https://vm.tiktok.com/ZMFs2H4ym/

Like and follow our tiktok channel.",
50,Chemed123,2022-12-13 05:55:18+00:00,"рЅарІерІѕрѕЕ рѕџрЅ│рІўрІЮрѕЇрІјрЅхріЋ ріарѕхрЇЋрѕфріЋ рѕўріЋрїѕрѕІрЅ│рЅх рѕ│рІГрїарЅарЅЁрЅЦрІјрЅх ріеChe-Med рІГрІўрІЎрЇб

рѕѕрЅ░рїерѕЏрѕф рѕўрѕерїЃрЇА
рЅарїЦрѕф рѕЏрІЋріерѕІрЅйріЋ 9798 рІѕрІГрѕЮ
www.chemeds.org рІФрїЇріЎріЋрЇб",downloaded_images\Chemed123_50.jpg
49,Chemed123,2022-12-09 12:28:53+00:00,"**рЅаChe-Med рІерѕўрІхрѕЃріњрЅх рѕўрѕерїЃ рѕЏрІЋріерѕЇ 9798 рЅарѕўрІ░рІЇрѕЇ рѕўрІхрѕЃріњрЅхрІјріЋ рІГрІўрІЎрЇб рЅарЅ░рїерѕЏрѕфрѕЮ рѕхрѕѕрїцріЊрІј рѕўрѕерїЃ рІГрїарІГрЅЂрЇб 

**ріЦріЏ рЅа30 рІ░рЅѓрЅЃ рѕўрІхрѕЃріњрЅхрІјріЋ ріЦріЊрІ░рѕГрѕ│рѕѕріЋрЇб

**__­ЪЊъ9798__**

Join our telegram channel to join our Che-Med community.
https://t.me/CheMed123",downloaded_images\Chemed123_49.jpg
48,Chemed123,2022-12-09 04:09:49+00:00,"Che-Med рІЏрѕг Dec 9,2022 рЅарЅ░рѕѕрІФрІЕ рІеFM рїБрЅбрІФрІјрЅй рѕФрѕ▒ріЋ рІФрѕхрЅ░рІІрІЇрЅЃрѕЇ рЇб

рЅарІџрѕЁрѕЮ ріерѕџрѕарїБрЅИрІЇ ріарїѕрѕЇрїЇрѕјрЅХрЅй рЅарЅ░рїерѕЏрѕф рѕхрѕФ рѕхрѕѕрїђрѕўрѕерІЇ ріарІ▓рѕ▒ рІерѕўрІхрѕЃріњрЅх рѕўрѕерїЃ рІерїЦрѕф рѕЏрІЋріерѕІрЅйріЋ 9798 рѕ▓рІФрЅарѕхрѕГ рІ░рѕхрЅ│ рІГрѕарѕЏрІІрѕЇрЇб",downloaded_images\Chemed123_48.jpg
46,Chemed123,2022-12-07 06:43:48+00:00,"Che-Med is the best way to find your meds.
www.chemeds.org
Call center_ 9798",downloaded_images\Chemed123_46.jpg
45,Chemed123,2022-12-05 05:57:22+00:00,"Antibiotics are the cure for every disease!
You may have heard the misconception that antibiotics are a cure-all - but this is simply not true.

facts
Antibiotics only help bacterial infections.

Most illnesses such as the common cold and sore throat are caused by viruses that do not respond to antibiotics.",downloaded_images\Chemed123_45.jpg
44,Chemed123,2022-12-04 12:35:18+00:00,,downloaded_images\Chemed123_44.jpg
43,Chemed123,2022-12-02 13:44:41+00:00,"рІеChe-Med рІерѕўрІхрѕЃріњрЅх рѕўрѕерїЃ рѕЏрІЋріерѕЇ рЅарЅЁрѕГрЅЦ рЅђріЋ!

www.chemeds.org
0912603463",downloaded_images\Chemed123_43.jpg
41,Chemed123,2022-12-02 06:06:12+00:00,"Order your Antipains from Che-Med. It will be delivered to you with in 30 minutes.
www.chemeds.org
+251912603463",downloaded_images\Chemed123_41.jpg
